Name,Name_tag,ID,Position
Kylian Mbappé,kylian-mbappe,342229,Centre-Forward
Neymar,neymar,68290,Left Winger
Raheem Sterling,raheem-sterling,134425,Left Winger
Sadio Mané,sadio-mane,200512,Left Winger
Mohamed Salah,mohamed-salah,148455,Right Winger
Harry Kane,harry-kane,132098,Centre-Forward
Eden Hazard,eden-hazard,50202,Left Winger
Lionel Messi,lionel-messi,28003,Right Winger
Antoine Griezmann,antoine-griezmann,125781,Centre-Forward
João Félix,joao-felix,462250,Second Striker
Jadon Sancho,jadon-sancho,401173,Right Winger
Ousmane Dembélé,ousmane-dembele,288230,Left Winger
Bernardo Silva,bernardo-silva,241641,Right Winger
Leroy Sané,leroy-sane,192565,Left Winger
Roberto Firmino,roberto-firmino,131789,Centre-Forward
Paulo Dybala,paulo-dybala,206050,Second Striker
Lautaro Martínez,lautaro-martinez,406625,Centre-Forward
Marcus Rashford,marcus-rashford,258923,Centre-Forward
Heung-min Son,heung-min-son,91845,Left Winger
Romelu Lukaku,romelu-lukaku,96341,Centre-Forward
Mauro Icardi,mauro-icardi,68863,Centre-Forward
Cristiano Ronaldo,cristiano-ronaldo,8198,Left Winger
Vinícius Júnior,vinicius-junior,371998,Left Winger
Gabriel Jesus,gabriel-jesus,363205,Centre-Forward
Alexandre Lacazette,alexandre-lacazette,93720,Centre-Forward
Pierre-Emerick Aubameyang,pierre-emerick-aubameyang,58864,Centre-Forward
Nicolas Pépé,nicolas-pepe,343052,Right Winger
Timo Werner,timo-werner,170527,Centre-Forward
Robert Lewandowski,robert-lewandowski,38253,Centre-Forward
Sergio Agüero,sergio-aguero,26399,Centre-Forward
Richarlison,richarlison,378710,Left Winger
Mikel Oyarzabal,mikel-oyarzabal,351478,Left Winger
Federico Chiesa,federico-chiesa,341092,Right Winger
Christian Pulisic,christian-pulisic,315779,Right Winger
Marco Asensio,marco-asensio,296622,Left Winger
Luka Jovic,luka-jovic,257462,Centre-Forward
Kingsley Coman,kingsley-coman,243714,Left Winger
Anthony Martial,anthony-martial,182877,Left Winger
Riyad Mahrez,riyad-mahrez,171424,Right Winger
Serge Gnabry,serge-gnabry,159471,Right Winger
Lorenzo Insigne,lorenzo-insigne,133964,Left Winger
Gareth Bale,gareth-bale,39381,Right Winger
Wilfried Zaha,wilfried-zaha,145988,Right Winger
Tammy Abraham,tammy-abraham,331726,Centre-Forward
Iñaki Williams,inaki-williams,255508,Centre-Forward
Julian Brandt,julian-brandt,187492,Left Winger
Rodrigo,rodrigo,131505,Centre-Forward
Álvaro Morata,alvaro-morata,128223,Centre-Forward
Paco Alcácer,paco-alcacer,126716,Centre-Forward
Luis Suárez,luis-suarez,44352,Centre-Forward
David Neres,david-neres,469822,Right Winger
Florian Thauvin,florian-thauvin,184892,Right Winger
Sébastien Haller,sebastien-haller,181375,Centre-Forward
Memphis Depay,memphis-depay,167850,Left Winger
Felipe Anderson,felipe-anderson,159372,Left Winger
Ciro Immobile,ciro-immobile,105521,Centre-Forward
Duván Zapata,duvan-zapata,73794,Centre-Forward
Raúl Jiménez,raul-jimenez,206040,Centre-Forward
Rodrygo,rodrygo,412363,Right Winger
Maxi Gómez,maxi-gomez,396894,Centre-Forward
Leon Bailey,leon-bailey,387626,Left Winger
Malcom,malcom,323704,Right Winger
Hirving Lozano,hirving-lozano,316889,Left Winger
Gonçalo Guedes,goncalo-guedes,225122,Left Winger
Hakim Ziyech,hakim-ziyech,217111,Right Winger
Thomas Lemar,thomas-lemar,205562,Left Winger
Federico Bernardeschi,federico-bernardeschi,197300,Right Winger
Arkadiusz Milik,arkadiusz-milik,191891,Centre-Forward
Andrea Belotti,andrea-belotti,167727,Centre-Forward
Wissam Ben Yedder,wissam-ben-yedder,146854,Centre-Forward
Lucas Moura,lucas-moura,77100,Right Winger
Pablo Sarabia,pablo-sarabia,74230,Right Winger
Edinson Cavani,edinson-cavani,48280,Centre-Forward
Ángel Di María,angel-di-maria,45320,Right Winger
Karim Benzema,karim-benzema,18922,Centre-Forward
Joaquín Correa,joaquin-correa,227081,Second Striker
Thorgan Hazard,thorgan-hazard,102226,Left Winger
Douglas Costa,douglas-costa,75615,Right Winger
Andrej Kramaric,andrej-kramaric,46580,Centre-Forward
Callum Hudson-Odoi,callum-hudson-odoi,392768,Left Winger
Cengiz Ünder,cengiz-under,341647,Right Winger
Diogo Jota,diogo-jota,340950,Left Winger
Éverton,everton,321239,Left Winger
Steven Bergwijn,steven-bergwijn,284165,Left Winger
Ángel Correa,angel-correa,266807,Right Winger
Yussuf Poulsen,yussuf-poulsen,157635,Centre-Forward
Kevin Volland,kevin-volland,82009,Centre-Forward
Thomas Müller,thomas-muller,58358,Second Striker
Moise Kean,moise-kean,364135,Centre-Forward
Krzysztof Piatek,krzysztof-piatek,327757,Centre-Forward
Alex Iwobi,alex-iwobi,242631,Left Winger
Jesse Lingard,jesse-lingard,141660,Right Winger
Willian,willian,52769,Right Winger
Marko Arnautovic,marko-arnautovic,41384,Centre-Forward
Gonzalo Higuaín,gonzalo-higuain,39153,Centre-Forward
Erling Haaland,erling-haaland,418560,Centre-Forward
Samu Chukwueze,samu-chukwueze,401922,Right Winger
Wesley,wesley,381362,Centre-Forward
Joelinton,joelinton,333241,Centre-Forward
Moussa Marega,moussa-marega,283130,Second Striker
Santi Mina,santi-mina,255653,Centre-Forward
Ayoze Pérez,ayoze-perez,246968,Second Striker
Moussa Dembélé,moussa-dembele,229004,Centre-Forward
Ante Rebic,ante-rebic,187587,Second Striker
Alassane Plea,alassane-plea,167329,Centre-Forward
Ryan Fraser,ryan-fraser,146795,Left Winger
Callum Wilson,callum-wilson,123682,Centre-Forward
Willian José,willian-jose,122155,Centre-Forward
Suso,suso,111961,Right Winger
Marcel Sabitzer,marcel-sabitzer,106987,Right Winger
Daniel James,daniel-james,319301,Left Winger
Borja Iglesias,borja-iglesias,278359,Centre-Forward
Gelson Martins,gelson-martins,257448,Right Winger
Adama Traoré,adama-traore,204103,Right Winger
Matteo Politano,matteo-politano,165895,Right Winger
Yannick Carrasco,yannick-carrasco,140776,Left Winger
Ismaïla Sarr,ismaila-sarr,410225,Right Winger
Ansu Fati,ansu-fati,466810,Left Winger
Dejan Kulusevski,dejan-kulusevski,431755,Right Winger
Justin Kluivert,justin-kluivert,330659,Left Winger
Harry Wilson,harry-wilson,279455,Right Winger
Allan Saint-Maximin,allan-saint-maximin,272642,Left Winger
Keita Baldé,keita-balde,238752,Left Winger
Wout Weghorst,wout-weghorst,228645,Centre-Forward
Lucas Vázquez,lucas-vazquez,221316,Right Winger
Shoya Nakajima,shoya-nakajima,188911,Left Winger
Rony Lopes,rony-lopes,174694,Right Winger
Gerard Deulofeu,gerard-deulofeu,129476,Right Winger
Emil Forsberg,emil-forsberg,111078,Left Winger
Stephan El Shaarawy,stephan-el-shaarawy,94529,Left Winger
Iago Aspas,iago-aspas,72047,Centre-Forward
Dries Mertens,dries-mertens,56416,Centre-Forward
Aleksandar Mitrovic,aleksandar-mitrovic,51152,Centre-Forward
Diego Costa,diego-costa,44779,Centre-Forward
Alexis Sánchez,alexis-sanchez,40433,Left Winger
Dusan Tadic,dusan-tadic,36139,Left Winger
Domenico Berardi,domenico-berardi,177843,Right Winger
Ivan Perisic,ivan-perisic,42460,Left Winger
Gabriel Barbosa,gabriel-barbosa,244275,Centre-Forward
Jean-Philippe Mateta,jean-philippe-mateta,420002,Centre-Forward
Rafael Leão,rafael-leao,357164,Centre-Forward
Christian Kouamé,christian-kouame,337725,Centre-Forward
Dominic Calvert-Lewin,dominic-calvert-lewin,306024,Centre-Forward
Neal Maupay,neal-maupay,217115,Centre-Forward
André Silva,andre-silva,198008,Centre-Forward
Michy Batshuayi,michy-batshuayi,179184,Centre-Forward
Jesús Corona,jesus-corona,125165,Right Winger
Erik Lamela,erik-lamela,111630,Right Winger
Xherdan Shaqiri,xherdan-shaqiri,86792,Right Winger
Mario Götze,mario-gotze,74842,Centre-Forward
Yacine Brahimi,yacine-brahimi,60517,Left Winger
João Pedro,joao-pedro,626724,Centre-Forward
Antony,antony,602105,Right Winger
Dwight McNeil,dwight-mcneil,584769,Left Winger
Mason Greenwood,mason-greenwood,532826,Centre-Forward
Ademola Lookman,ademola-lookman,406040,Left Winger
Ferran Torres,ferran-torres,398184,Right Winger
Riccardo Orsolini,riccardo-orsolini,368482,Right Winger
Brais Méndez,brais-mendez,309110,Right Winger
Jonathan Bamba,jonathan-bamba,292818,Left Winger
Milot Rashica,milot-rashica,291739,Left Winger
Patrick Cutrone,patrick-cutrone,265078,Centre-Forward
Viktor Tsyhankov,viktor-tsyhankov,264372,Right Winger
Mariano Díaz,mariano-diaz,225020,Centre-Forward
Jamie Vardy,jamie-vardy,197838,Centre-Forward
Luca Waldschmidt,luca-waldschmidt,196095,Centre-Forward
Bernard,bernard,175169,Left Winger
Divock Origi,divock-origi,148368,Centre-Forward
Simone Verdi,simone-verdi,130360,Right Winger
Nathan Redmond,nathan-redmond,129078,Left Winger
Joshua King,joshua-king,91059,Second Striker
Luis Muriel,luis-muriel,119228,Centre-Forward
Gabriel Martinelli,gabriel-martinelli,655488,Centre-Forward
Donyell Malen,donyell-malen,326029,Centre-Forward
Emiliano Buendía,emiliano-buendia,321247,Right Winger
Dodi Lukebakio,dodi-lukebakio,303259,Right Winger
Demarai Gray,demarai-gray,292417,Left Winger
Kasper Dolberg,kasper-dolberg,283196,Centre-Forward
Andrea Petagna,andrea-petagna,199258,Centre-Forward
Quincy Promes,quincy-promes,182381,Left Winger
Raúl de Tomás,raul-de-tomas,162038,Second Striker
Danny Ings,danny-ings,134294,Centre-Forward
Hakan Calhanoglu,hakan-calhanoglu,126414,Left Winger
Viktor Claesson,viktor-claesson,116598,Left Winger
Haris Seferovic,haris-seferovic,109256,Centre-Forward
Chris Wood,chris-wood,108725,Centre-Forward
Juan Cuadrado,juan-cuadrado,91970,Right Winger
Vitolo,vitolo,67082,Left Winger
José Callejón,jose-callejon,61253,Right Winger
Karl Toko Ekambi,karl-toko-ekambi,315110,Centre-Forward
Gerard Moreno,gerard-moreno,177467,Centre-Forward
Josef Martínez,josef-martinez,162569,Centre-Forward
Krépin Diatta,krepin-diatta,490426,Left Winger
Giovanni Simeone,giovanni-simeone,282388,Centre-Forward
Lucas Alario,lucas-alario,193782,Centre-Forward
Sardar Azmoun,sardar-azmoun,180337,Centre-Forward
Pedro,pedro,65278,Right Winger
Sebastián Driussi,sebastian-driussi,294853,Left Winger
Fedor Chalov,fedor-chalov,287183,Centre-Forward
Jean-Kévin Augustin,jean-kevin-augustin,264956,Centre-Forward
Leandro Trossard,leandro-trossard,144028,Left Winger
Artem Dzyuba,artem-dzyuba,48067,Centre-Forward
Papu Gómez,papu-gomez,20005,Second Striker
Carlos Vinícius,carlos-vinicius,525287,Centre-Forward
Matheus Cunha,matheus-cunha,517894,Centre-Forward
Pedrinho,pedrinho,515208,Right Winger
Martin Terrier,martin-terrier,442891,Left Winger
Pedro,pedro,432895,Centre-Forward
Paulinho,paulinho,428791,Left Winger
Alphonso Davies,alphonso-davies,424204,Left Winger
Moussa Diaby,moussa-diaby,395516,Left Winger
Tetê,tete,371256,Right Winger
François Kamano,francois-kamano,333802,Left Winger
Andrea Pinamonti,andrea-pinamonti,315865,Centre-Forward
Jacob Bruun Larsen,jacob-bruun-larsen,293281,Left Winger
Josip Brekalo,josip-brekalo,293169,Left Winger
Gonzalo Martínez,gonzalo-martinez,281405,Left Winger
Dominic Solanke,dominic-solanke,258889,Centre-Forward
Patrik Schick,patrik-schick,242086,Centre-Forward
Maxwel Cornet,maxwel-cornet,234781,Right Winger
Lucas Ocampos,lucas-ocampos,189441,Left Winger
Mohamed Elyounoussi,mohamed-elyounoussi,186644,Left Winger
Davie Selke,davie-selke,178459,Centre-Forward
Adnan Januzaj,adnan-januzaj,177847,Right Winger
Roberto Inglese,roberto-inglese,159337,Centre-Forward
Munas Dabbur,munas-dabbur,145866,Centre-Forward
Maximilian Philipp,maximilian-philipp,143891,Second Striker
Bertrand Traoré,bertrand-traore,131996,Right Winger
João Pedro,joao-pedro,129129,Second Striker
Cédric Bakambu,cedric-bakambu,127048,Centre-Forward
Ishak Belfodil,ishak-belfodil,111039,Centre-Forward
Darío Benedetto,dario-benedetto,92693,Centre-Forward
Alfred Finnbogason,alfred-finnbogason,90024,Centre-Forward
Josip Ilicic,josip-ilicic,80351,Second Striker
Salomón Rondón,salomon-rondon,80197,Centre-Forward
Andrii Yarmolenko,andrii-yarmolenko,69015,Right Winger
Andros Townsend,andros-townsend,61842,Right Winger
Karim Bellarabi,karim-bellarabi,61087,Right Winger
Iker Muniain,iker-muniain,54235,Left Winger
Cenk Tosun,cenk-tosun,45671,Centre-Forward
Carlos Vela,carlos-vela,35773,Right Winger
Theo Walcott,theo-walcott,33713,Right Winger
Raphinha,raphinha,411295,Right Winger
Diego Lainez,diego-lainez,371174,Left Winger
Reiss Nelson,reiss-nelson,340325,Right Winger
Breel Embolo,breel-embolo,237662,Centre-Forward
Samu Castillejo,samu-castillejo,195171,Right Winger
Hulk,hulk,80562,Right Winger
Edin Dzeko,edin-dzeko,28396,Centre-Forward
Bukayo Saka,bukayo-saka,433177,Left Winger
Victor Osimhen,victor-osimhen,401923,Centre-Forward
Henry Onyekuru,henry-onyekuru,380415,Left Winger
Robert Skov,robert-skov,270393,Right Winger
Steven Berghuis,steven-berghuis,129554,Right Winger
Iago Falque,iago-falque,59340,Right Winger
Christian Benteke,christian-benteke,50201,Centre-Forward
Cristian Pavón,cristian-pavon,373170,Right Winger
Santos Borré,santos-borre,323831,Centre-Forward
Andy Delort,andy-delort,122797,Centre-Forward
Dimitri Payet,dimitri-payet,37647,Left Winger
Adolfo Gaich,adolfo-gaich,608469,Centre-Forward
Moussa Djenepo,moussa-djenepo,485424,Left Winger
Emmanuel Dennis,emmanuel-dennis,448854,Centre-Forward
Youssef En-Nesyri,youssef-en-nesyri,433049,Centre-Forward
Calvin Stengs,calvin-stengs,409344,Right Winger
Arnaut Danjuma,arnaut-danjuma,355861,Left Winger
Che Adams,che-adams,346779,Centre-Forward
Ollie Watkins,ollie-watkins,324358,Left Winger
Marcus Thuram,marcus-thuram,318528,Centre-Forward
Diego Rossi,diego-rossi,317454,Left Winger
Javairô Dilrosun,javairo-dilrosun,315125,Left Winger
Kelechi Iheanacho,kelechi-iheanacho,295330,Centre-Forward
Lys Mousset,lys-mousset,291422,Centre-Forward
Ihlas Bebou,ihlas-bebou,237164,Right Winger
Roman Yaremchuk,roman-yaremchuk,221958,Centre-Forward
Jeremie Boga,jeremie-boga,216569,Left Winger
Dwight Gayle,dwight-gayle,196522,Centre-Forward
Mbwana Samatta,mbwana-samatta,182201,Centre-Forward
Hélder Costa,helder-costa,173900,Right Winger
Ahmed Musa,ahmed-musa,168337,Left Winger
Denis Suárez,denis-suarez,165007,Left Winger
Grégoire Defrel,gregoire-defrel,163222,Centre-Forward
M'Baye Niang,mbaye-niang,157501,Centre-Forward
Andre Gray,andre-gray,120565,Centre-Forward
Michael Gregoritsch,michael-gregoritsch,120205,Second Striker
Manolo Gabbiadini,manolo-gabbiadini,112343,Centre-Forward
Michail Antonio,michail-antonio,104124,Right Winger
Tiquinho Soares,tiquinho-soares,103381,Centre-Forward
Daniel Ginczek,daniel-ginczek,79501,Centre-Forward
Taison,taison,76028,Left Winger
Luuk de Jong,luuk-de-jong,72522,Centre-Forward
André Schürrle,andre-schurrle,58205,Left Winger
Chicharito,chicharito,50935,Centre-Forward
Max Kruse,max-kruse,36182,Second Striker
Marcos Paulo,marcos-paulo,612496,Centre-Forward
Rémi Oudin,remi-oudin,399543,Right Winger
Matías Vargas,matias-vargas,376211,Left Winger
Wanderson,wanderson,236202,Right Winger
Marlos,marlos,68778,Right Winger
Fedor Smolov,fedor-smolov,50355,Centre-Forward
Daniel Sturridge,daniel-sturridge,47082,Centre-Forward
Agustín Urzi,agustin-urzi,636441,Left Winger
Pedro De La Vega,pedro-de-la-vega,618984,Left Winger
Ander Barrenetxea,ander-barrenetxea,616369,Left Winger
Julián Álvarez,julian-alvarez,576024,Centre-Forward
Sebastiano Esposito,sebastiano-esposito,538918,Centre-Forward
Bryan Gil,bryan-gil,537382,Left Winger
Willem Geubbels,willem-geubbels,463620,Left Winger
Cucho Hernández,cucho-hernandez,459463,Centre-Forward
Ezequiel Barco,ezequiel-barco,456623,Left Winger
Oscar Melendo,oscar-melendo,448344,Right Winger
Samuel Kalu,samuel-kalu,424051,Right Winger
David Okereke,david-okereke,413605,Centre-Forward
Takefusa Kubo,takefusa-kubo,405398,Right Winger
Adam Ounas,adam-ounas,400485,Right Winger
Ritsu Doan,ritsu-doan,358504,Right Winger
Loren Morón,loren-moron,354741,Centre-Forward
Yann Karamoh,yann-karamoh,324804,Right Winger
Jarrod Bowen,jarrod-bowen,314875,Right Winger
Yeferson Soteldo,yeferson-soteldo,312294,Left Winger
Oliver McBurnie,oliver-mcburnie,298477,Centre-Forward
Carles Pérez,carles-perez,282810,Right Winger
Marco Richter,marco-richter,279009,Left Winger
José Luis Morales,jose-luis-morales,252677,Centre-Forward
Johannes Eggestein,johannes-eggestein,251303,Right Winger
Oussama Idrissi,oussama-idrissi,241391,Left Winger
Steve Mounié,steve-mounie,238639,Centre-Forward
Trezeguet,trezeguet,234189,Left Winger
Sofiane Boufal,sofiane-boufal,232271,Left Winger
Jaime Mata,jaime-mata,227961,Centre-Forward
Munir El Haddadi,munir-el-haddadi,223725,Centre-Forward
Roger Martí,roger-marti,212391,Centre-Forward
Josh Murphy,josh-murphy,199528,Left Winger
Britt Assombalonga,britt-assombalonga,186172,Centre-Forward
Anwar El Ghazi,anwar-el-ghazi,183720,Right Winger
Gaëtan Laborde,gaetan-laborde,181378,Centre-Forward
Jürgen Locadia,jurgen-locadia,166240,Centre-Forward
Ivan Cavaleiro,ivan-cavaleiro,149716,Right Winger
Vincent Aboubakar,vincent-aboubakar,147487,Centre-Forward
Cristian Tello,cristian-tello,141834,Left Winger
Lei Wu,lei-wu,140436,Left Winger
Bruma,bruma,139396,Left Winger
Benito Raman,benito-raman,112930,Left Winger
Ricardo Goulart,ricardo-goulart,106076,Second Striker
Portu,portu,99353,Right Winger
Martin Braithwaite,martin-braithwaite,95732,Centre-Forward
Johann Berg Gudmundsson,johann-berg-gudmundsson,89231,Right Winger
Admir Mehmedi,admir-mehmedi,66058,Second Striker
Leonardo Pavoletti,leonardo-pavoletti,64793,Centre-Forward
Ashley Barnes,ashley-barnes,63200,Centre-Forward
Victor Moses,victor-moses,59866,Right Winger
Nacer Chadli,nacer-chadli,59631,Left Winger
Bas Dost,bas-dost,56331,Centre-Forward
Lars Stindl,lars-stindl,48298,Second Striker
Teemu Pukki,teemu-pukki,46972,Centre-Forward
Stevan Jovetic,stevan-jovetic,46104,Centre-Forward
Mario Balotelli,mario-balotelli,45146,Centre-Forward
Mario Mandzukic,mario-mandzukic,34572,Centre-Forward
Eran Zahavi,eran-zahavi,85093,Second Striker
Eddie Salcedo,eddie-salcedo,459661,Centre-Forward
Rabbi Matondo,rabbi-matondo,404384,Right Winger
Sam Lammers,sam-lammers,386914,Centre-Forward
Roger Guedes,roger-guedes,348263,Right Winger
Jonathan Calleri,jonathan-calleri,284727,Centre-Forward
Ricardo Horta,ricardo-horta,261927,Left Winger
Dawid Kownacki,dawid-kownacki,208167,Centre-Forward
Djaniny,djaniny,197170,Centre-Forward
Vincenzo Grifo,vincenzo-grifo,185077,Left Winger
Gonçalo Paciência,goncalo-paciencia,181547,Centre-Forward
Dyego Sousa,dyego-sousa,157036,Centre-Forward
Zé Luís,ze-luis,134602,Centre-Forward
Mark Uth,mark-uth,112935,Centre-Forward
Simone Zaza,simone-zaza,96828,Centre-Forward
Olivier Giroud,olivier-giroud,82442,Centre-Forward
Danny Welbeck,danny-welbeck,67063,Centre-Forward
Gervinho,gervinho,33481,Left Winger
Kévin Gameiro,kevin-gameiro,27389,Centre-Forward
Odion Ighalo,odion-ighalo,62121,Centre-Forward
Nikola Kalinic,nikola-kalinic,36371,Centre-Forward
Kaio Jorge,kaio-jorge,620477,Centre-Forward
Nicólas González,nicolas-gonzalez,486031,Centre-Forward
Léo Jabá,leo-jaba,468260,Right Winger
Adama Diakhaby,adama-diakhaby,453594,Left Winger
Myziane Maolida,myziane-maolida,371142,Centre-Forward
Timothy Weah,timothy-weah,370846,Centre-Forward
Alexander Isak,alexander-isak,349066,Centre-Forward
Noah Okafor,noah-okafor,346890,Left Winger
Eddie Nketiah,eddie-nketiah,340324,Centre-Forward
Luan,luan,313106,Second Striker
Saïd Benrahma,said-benrahma,290532,Right Winger
Ignacio Pussetto,ignacio-pussetto,283528,Right Winger
Bruno Petkovic,bruno-petkovic,256358,Centre-Forward
Vedat Muriqi,vedat-muriqi,256267,Centre-Forward
Pione Sisto,pione-sisto,252641,Left Winger
Antonio Sanabria,antonio-sanabria,234523,Centre-Forward
Omar Al-Somah,omar-al-somah,220688,Centre-Forward
Alireza Jahanbakhsh,alireza-jahanbakhsh,213268,Right Winger
Baghdad Bounedjah,baghdad-bounedjah,209992,Centre-Forward
Vincent Janssen,vincent-janssen,207015,Centre-Forward
Robin Quaison,robin-quaison,206542,Second Striker
Flavien Tait,flavien-tait,202278,Left Winger
Marius Wolf,marius-wolf,193900,Right Winger
Stéphane Bahoken,stephane-bahoken,170953,Centre-Forward
Tom Ince,tom-ince,157368,Right Winger
Anthony Knockaert,anthony-knockaert,149237,Right Winger
José Izquierdo,jose-izquierdo,147094,Left Winger
Gianluca Caprari,gianluca-caprari,146752,Second Striker
Juanmi,juanmi,126737,Right Winger
Benik Afobe,benik-afobe,110858,Centre-Forward
Jordan Ayew,jordan-ayew,108354,Centre-Forward
Eduardo Salvio,eduardo-salvio,84535,Right Winger
Niclas Füllkrug,niclas-fullkrug,75489,Centre-Forward
Troy Deeney,troy-deeney,65477,Centre-Forward
Sofiane Feghouli,sofiane-feghouli,57162,Right Winger
Diego Perotti,diego-perotti,54984,Left Winger
Nils Petersen,nils-petersen,42936,Centre-Forward
Falcao,falcao,39152,Centre-Forward
Max Gradel,max-gradel,28140,Left Winger
Adam Hlozek,adam-hlozek,552057,Second Striker
Hassane Bandé,hassane-bande,504259,Left Winger
Karim Adeyemi,karim-adeyemi,496094,Centre-Forward
Nahuel Bustos,nahuel-bustos,439629,Right Winger
Andreas Skov Olsen,andreas-skov-olsen,432982,Right Winger
Myron Boadu,myron-boadu,412932,Centre-Forward
Alexis Claude-Maurice,alexis-claude-maurice,384593,Left Winger
Odsonne Edouard,odsonne-edouard,344152,Centre-Forward
Oliver Burke,oliver-burke,341317,Right Winger
Alfredo Morelos,alfredo-morelos,338962,Centre-Forward
Orbelín Pineda,orbelin-pineda,334042,Left Winger
Javi Ontiveros,javi-ontiveros,298983,Left Winger
Emiliano Rigoni,emiliano-rigoni,282544,Right Winger
Roger Assalé,roger-assale,263183,Centre-Forward
Jony,jony,228761,Left Winger
Marko Pjaca,marko-pjaca,205940,Left Winger
Guido Carrillo,guido-carrillo,184672,Centre-Forward
Wesley Saïd,wesley-said,182916,Right Winger
Garry Rodrigues,garry-rodrigues,170895,Left Winger
Frank Acheampong,frank-acheampong,157160,Left Winger
Nicolai Jörgensen,nicolai-jorgensen,100399,Centre-Forward
Amin Younes,amin-younes,96167,Left Winger
Nicola Sansone,nicola-sansone,82048,Left Winger
Sergi Enrich,sergi-enrich,81988,Centre-Forward
Gabriel Veron,gabriel-veron,627221,Right Winger
Silas Wamangituka,silas-wamangituka,612826,Centre-Forward
Sebastián Villa,sebastian-villa,493000,Right Winger
Pedro Neto,pedro-neto,487465,Second Striker
Luis Díaz,luis-diaz,480692,Left Winger
Jan Hurtado,jan-hurtado,459115,Centre-Forward
Luiz Araújo,luiz-araujo,435485,Left Winger
Lebo Mothiba,lebo-mothiba,427161,Centre-Forward
Pietro Pellegri,pietro-pellegri,364133,Centre-Forward
Ruben Vargas,ruben-vargas,345886,Left Winger
Tahith Chong,tahith-chong,344830,Right Winger
Linton Maina,linton-maina,335103,Right Winger
Isaac Mbenza,isaac-mbenza,260806,Right Winger
Yoshinori Muto,yoshinori-muto,230541,Centre-Forward
Matheus Pereira,matheus-pereira,225984,Right Winger
Luciano Vietto,luciano-vietto,214316,Centre-Forward
Siebe Schrijvers,siebe-schrijvers,208552,Second Striker
Moussa Konaté,moussa-konate,192774,Centre-Forward
Naïm Sliti,naim-sliti,184491,Left Winger
Callum Robinson,callum-robinson,183299,Left Winger
Kenneth Zohore,kenneth-zohore,135213,Centre-Forward
Rogelio Funes Mori,rogelio-funes-mori,135082,Centre-Forward
André Carrillo,andre-carrillo,135057,Right Winger
Kevin Lasagna,kevin-lasagna,131951,Centre-Forward
Rachid Ghezzal,rachid-ghezzal,118287,Right Winger
Viktor Fischer,viktor-fischer,95755,Left Winger
Francesco Caputo,francesco-caputo,84765,Centre-Forward
Matt Phillips,matt-phillips,77274,Right Winger
Valère Germain,valere-germain,60540,Centre-Forward
Anthony Modeste,anthony-modeste,50512,Centre-Forward
Konstantinos Mitroglou,konstantinos-mitroglou,34944,Centre-Forward
Bruno Henrique,bruno-henrique,353108,Left Winger
Shapi Suleymanov,shapi-suleymanov,335725,Right Winger
Paul Onuachu,paul-onuachu,272855,Centre-Forward
Jhon Córdoba,jhon-cordoba,185245,Centre-Forward
Kemar Roofe,kemar-roofe,141350,Centre-Forward
Raúl Ruidíaz,raul-ruidiaz,129724,Centre-Forward
Khouma Babacar,khouma-babacar,124902,Centre-Forward
Alan,alan,73460,Centre-Forward
Yevhen Konoplianka,yevhen-konoplianka,58949,Left Winger
Matías Pellegrini,matias-pellegrini,606267,Left Winger
Jack Clarke,jack-clarke,559794,Left Winger
Julián Carranza,julian-carranza,491707,Centre-Forward
Jérémy Doku,jeremy-doku,486049,Left Winger
Brian Rodríguez,brian-rodriguez,465818,Left Winger
Jovane Cabral,jovane-cabral,448466,Right Winger
Cody Gakpo,cody-gakpo,434675,Left Winger
Trincão,trincao,412669,Right Winger
Josh Sargent,josh-sargent,393325,Centre-Forward
Lincoln,lincoln,372046,Centre-Forward
Loïs Openda,lois-openda,368887,Centre-Forward
Dusan Vlahovic,dusan-vlahovic,357498,Centre-Forward
Jordan Siebatcheu,jordan-siebatcheu,355369,Centre-Forward
Habib Diallo,habib-diallo,344888,Centre-Forward
Álex Berenguer,alex-berenguer,338425,Left Winger
Chiquinho,chiquinho,334557,Second Striker
Nicolás Fernández,nicolas-fernandez,333921,Centre-Forward
Sebastian Szymanski,sebastian-szymanski,320748,Right Winger
Kevin De Bruyne,kevin-de-bruyne,88755,Attacking Midfield
N'Golo Kanté,ngolo-kante,225083,Central Midfield
Paul Pogba,paul-pogba,122153,Central Midfield
Kai Havertz,kai-havertz,309400,Attacking Midfield
Dele Alli,dele-alli,207929,Attacking Midfield
Saúl Ñíguez,saul-niguez,148928,Central Midfield
Philippe Coutinho,philippe-coutinho,80444,Attacking Midfield
Christian Eriksen,christian-eriksen,69633,Attacking Midfield
Frenkie de Jong,frenkie-de-jong,326330,Central Midfield
Rodri,rodri,357565,Defensive Midfield
Marco Verratti,marco-verratti,102558,Central Midfield
Arthur,arthur,362842,Central Midfield
Sergej Milinkovic-Savic,sergej-milinkovic-savic,266302,Central Midfield
Fabinho,fabinho,225693,Defensive Midfield
Koke,koke,74229,Right Midfield
Thiago,thiago,60444,Central Midfield
Miralem Pjanic,miralem-pjanic,44162,Central Midfield
Tanguy Ndombélé,tanguy-ndombele,450936,Central Midfield
Jorginho,jorginho,102017,Defensive Midfield
Fabián Ruiz,fabian-ruiz,350219,Central Midfield
James Maddison,james-maddison,294057,Attacking Midfield
Bruno Fernandes,bruno-fernandes,240306,Attacking Midfield
Nabil Fekir,nabil-fekir,203496,Attacking Midfield
Marcelo Brozovic,marcelo-brozovic,156617,Defensive Midfield
Isco,isco,85288,Attacking Midfield
Toni Kroos,toni-kroos,31909,Central Midfield
Casemiro,casemiro,16306,Defensive Midfield
Declan Rice,declan-rice,357662,Defensive Midfield
Youri Tielemans,youri-tielemans,249565,Central Midfield
Mattéo Guendouzi,matteo-guendouzi,465830,Central Midfield
Nicolò Zaniolo,nicolo-zaniolo,392085,Attacking Midfield
Carlos Soler,carlos-soler,372246,Right Midfield
Giovani Lo Celso,giovani-lo-celso,348795,Central Midfield
Donny van de Beek,donny-van-de-beek,288255,Attacking Midfield
Thomas,thomas,230784,Defensive Midfield
Rúben Neves,ruben-neves,225161,Defensive Midfield
Leon Goretzka,leon-goretzka,153084,Central Midfield
Allan,allan,126422,Central Midfield
James Rodríguez,james-rodriguez,88103,Attacking Midfield
Sergi Roberto,sergi-roberto,85370,Central Midfield
Sergio Busquets,sergio-busquets,65230,Defensive Midfield
Ilkay Gündogan,ilkay-gundogan,53622,Central Midfield
Georginio Wijnaldum,georginio-wijnaldum,49499,Central Midfield
Marco Reus,marco-reus,35207,Attacking Midfield
Houssem Aouar,houssem-aouar,395693,Central Midfield
Mason Mount,mason-mount,346483,Attacking Midfield
Lucas Torreira,lucas-torreira,318077,Defensive Midfield
Wilfred Ndidi,wilfred-ndidi,274839,Defensive Midfield
Nicolò Barella,nicolo-barella,255942,Central Midfield
Mateo Kovacic,mateo-kovacic,51471,Central Midfield
Naby Keïta,naby-keita,302215,Central Midfield
Rodrigo Bentancur,rodrigo-bentancur,354362,Central Midfield
Dani Ceballos,dani-ceballos,319745,Central Midfield
Lorenzo Pellegrini,lorenzo-pellegrini,286297,Central Midfield
Harry Winks,harry-winks,249126,Central Midfield
Corentin Tolisso,corentin-tolisso,190393,Central Midfield
Piotr Zielinski,piotr-zielinski,181136,Central Midfield
Luis Alberto,luis-alberto,128220,Attacking Midfield
Aaron Ramsey,aaron-ramsey,50057,Central Midfield
Filip Kostic,filip-kostic,161011,Left Midfield
Ryan Sessegnon,ryan-sessegnon,392775,Left Midfield
Jack Grealish,jack-grealish,203460,Attacking Midfield
Tiemoué Bakayoko,tiemoue-bakayoko,182618,Defensive Midfield
Alex Oxlade-Chamberlain,alex-oxlade-chamberlain,143424,Central Midfield
Julian Draxler,julian-draxler,85148,Central Midfield
Jordan Henderson,jordan-henderson,61651,Central Midfield
Paulinho,paulinho,57229,Central Midfield
Ivan Rakitic,ivan-rakitic,32467,Central Midfield
Lucas Paquetá,lucas-paqueta,444523,Attacking Midfield
Adrien Rabiot,adrien-rabiot,182913,Central Midfield
Kerem Demirbay,kerem-demirbay,125858,Central Midfield
Axel Witsel,axel-witsel,35047,Defensive Midfield
Phil Foden,phil-foden,406635,Central Midfield
Sandro Tonali,sandro-tonali,397033,Defensive Midfield
Igor Zubeldia,igor-zubeldia,355628,Defensive Midfield
Marc Roca,marc-roca,336869,Defensive Midfield
Dani Olmo,dani-olmo,293385,Attacking Midfield
Carles Aleñá,carles-alena,284854,Central Midfield
Marcos Llorente,marcos-llorente,282411,Defensive Midfield
David Brooks,david-brooks,277033,Attacking Midfield
Stefano Sensi,stefano-sensi,216179,Central Midfield
Ruben Loftus-Cheek,ruben-loftus-cheek,202886,Central Midfield
Maximilian Eggestein,maximilian-eggestein,190284,Central Midfield
Eric Dier,eric-dier,175722,Defensive Midfield
Danilo Pereira,danilo-pereira,141050,Defensive Midfield
Geoffrey Kondogbia,geoffrey-kondogbia,127189,Central Midfield
Idrissa Gueye,idrissa-gueye,126665,Defensive Midfield
Emre Can,emre-can,119296,Defensive Midfield
Granit Xhaka,granit-xhaka,111455,Defensive Midfield
Oscar,oscar,85314,Attacking Midfield
Dani Parejo,dani-parejo,59561,Central Midfield
Denis Zakaria,denis-zakaria,334526,Defensive Midfield
Scott McTominay,scott-mctominay,315969,Central Midfield
Talisca,talisca,258626,Attacking Midfield
Rafa Silva,rafa-silva,238055,Left Midfield
André Gomes,andre-gomes,221025,Central Midfield
Jean-Philippe Gbamin,jean-philippe-gbamin,182894,Defensive Midfield
Morgan Sanson,morgan-sanson,174094,Central Midfield
Leander Dendoncker,leander-dendoncker,168157,Defensive Midfield
Gylfi Sigurdsson,gylfi-sigurdsson,90466,Attacking Midfield
Jonathan Ikoné,jonathan-ikone,324690,Attacking Midfield
Ross Barkley,ross-barkley,131978,Central Midfield
Thomas Delaney,thomas-delaney,91849,Central Midfield
Javi Martínez,javi-martinez,44017,Defensive Midfield
Nahitan Nández,nahitan-nandez,315063,Central Midfield
Reinier,reinier,627226,Attacking Midfield
Exequiel Palacios,exequiel-palacios,401578,Central Midfield
André Zambo Anguissa,andre-zambo-anguissa,354361,Defensive Midfield
Jeff Reine-Adélaïde,jeff-reine-adelaide,326300,Central Midfield
Gaetano Castrovilli,gaetano-castrovilli,303116,Central Midfield
Franck Kessié,franck-kessie,294808,Central Midfield
Aleksandr Golovin,aleksandr-golovin,263918,Attacking Midfield
Jefferson Lerma,jefferson-lerma,262980,Defensive Midfield
Rodrigo de Paul,rodrigo-de-paul,255901,Attacking Midfield
Bryan Cristante,bryan-cristante,199248,Central Midfield
Julian Weigl,julian-weigl,196792,Defensive Midfield
Stanislav Lobotka,stanislav-lobotka,192735,Defensive Midfield
Raphaël Guerreiro,raphael-guerreiro,170986,Left Midfield
Leandro Paredes,leandro-paredes,166237,Defensive Midfield
Jordan Veretout,jordan-veretout,164771,Central Midfield
Thiago Mendes,thiago-mendes,135617,Defensive Midfield
Abdoulaye Doucouré,abdoulaye-doucoure,127187,Central Midfield
William Carvalho,william-carvalho,100131,Defensive Midfield
Ander Herrera,ander-herrera,99343,Central Midfield
Luka Milivojevic,luka-milivojevic,74300,Defensive Midfield
Sergio Canales,sergio-canales,66106,Attacking Midfield
Pizzi,pizzi,64339,Right Midfield
Asier Illarramendi,asier-illarramendi,59344,Defensive Midfield
Henrikh Mkhitaryan,henrikh-mkhitaryan,55735,Attacking Midfield
Moussa Sissoko,moussa-sissoko,46001,Central Midfield
Arne Maier,arne-maier,296397,Defensive Midfield
Marten de Roon,marten-de-roon,133179,Central Midfield
Dennis Praet,dennis-praet,129588,Central Midfield
Matías Vecino,matias-vecino,143812,Central Midfield
Matheus Henrique,matheus-henrique,552549,Central Midfield
Harvey Barnes,harvey-barnes,398065,Left Midfield
Pablo Fornals,pablo-fornals,357885,Attacking Midfield
Sean Longstaff,sean-longstaff,346707,Central Midfield
Sander Berge,sander-berge,333014,Defensive Midfield
Florian Neuhaus,florian-neuhaus,278332,Central Midfield
Florian Grillitsch,florian-grillitsch,195736,Central Midfield
Fred,fred,191614,Central Midfield
Davy Klaassen,davy-klaassen,182932,Central Midfield
Héctor Herrera,hector-herrera,122043,Central Midfield
Kevin Kampl,kevin-kampl,53418,Central Midfield
Mesut Özil,mesut-ozil,35664,Attacking Midfield
Eduardo Camavinga,eduardo-camavinga,640428,Defensive Midfield
Thiago Almada,thiago-almada,576028,Attacking Midfield
Kang-in Lee,kang-in-lee,557149,Attacking Midfield
Jonathan David,jonathan-david,533738,Attacking Midfield
Bruno Guimarães,bruno-guimaraes,520624,Central Midfield
Douglas Luiz,douglas-luiz,447661,Central Midfield
Amadou Haidara,amadou-haidara,402008,Central Midfield
Federico Valverde,federico-valverde,369081,Central Midfield
Amadou Diawara,amadou-diawara,355501,Defensive Midfield
Lucas Tousart,lucas-tousart,353948,Defensive Midfield
Gedson Fernandes,gedson-fernandes,337800,Right Midfield
Weston McKennie,weston-mckennie,332697,Central Midfield
Martin Ødegaard,martin-odegaard,316264,Attacking Midfield
Nikola Vlasic,nikola-vlasic,293200,Attacking Midfield
Miguel Almirón,miguel-almiron,272999,Attacking Midfield
Lewis Cook,lewis-cook,249089,Central Midfield
Marko Grujic,marko-grujic,222813,Central Midfield
Andreas Pereira,andreas-pereira,203394,Attacking Midfield
John McGinn,john-mcginn,193116,Central Midfield
Remo Freuler,remo-freuler,148252,Central Midfield
Manuel Lanzini,manuel-lanzini,135853,Attacking Midfield
Francis Coquelin,francis-coquelin,74869,Defensive Midfield
Nemanja Matic,nemanja-matic,74683,Defensive Midfield
Radja Nainggolan,radja-nainggolan,41982,Central Midfield
Luka Modric,luka-modric,27992,Central Midfield
Giorgian de Arrascaeta,giorgian-de-arrascaeta,248410,Attacking Midfield
Valentino Lazaro,valentino-lazaro,186368,Right Midfield
Steven Nzonzi,steven-nzonzi,73734,Defensive Midfield
Fran Beltrán,fran-beltran,423444,Central Midfield
Boubakary Soumaré,boubakary-soumare,344605,Defensive Midfield
Joe Willock,joe-willock,340329,Central Midfield
Manuel Lazzari,manuel-lazzari,331401,Right Midfield
Philip Billing,philip-billing,320411,Central Midfield
Tom Davies,tom-davies,314210,Central Midfield
Ainsley Maitland-Niles,ainsley-maitland-niles,285845,Right Midfield
Renato Sanches,renato-sanches,258027,Central Midfield
Wilmar Barrios,wilmar-barrios,257668,Defensive Midfield
Will Hughes,will-hughes,207014,Central Midfield
Wylan Cyprien,wylan-cyprien,182889,Central Midfield
James Ward-Prowse,james-ward-prowse,181579,Central Midfield
Jean Michaël Seri,jean-michael-seri,178614,Central Midfield
João Mário,joao-mario,149729,Central Midfield
Maximilian Arnold,maximilian-arnold,117674,Central Midfield
Jonjo Shelvey,jonjo-shelvey,71292,Central Midfield
Giacomo Bonaventura,giacomo-bonaventura,57280,Central Midfield
Grzegorz Krychowiak,grzegorz-krychowiak,45184,Defensive Midfield
Marek Hamsik,marek-hamsik,38593,Central Midfield
Blaise Matuidi,blaise-matuidi,33923,Central Midfield
Nicolás Domínguez,nicolas-dominguez,497291,Central Midfield
Matías Zaracho,matias-zaracho,480774,Attacking Midfield
Eljif Elmas,eljif-elmas,400489,Central Midfield
Ismaël Bennacer,ismael-bennacer,351816,Defensive Midfield
Diadie Samassékou,diadie-samassekou,315604,Defensive Midfield
Brahim Díaz,brahim-diaz,314678,Attacking Midfield
Ondrej Duda,ondrej-duda,232418,Attacking Midfield
Otávio,otavio,231289,Attacking Midfield
Konrad Laimer,konrad-laimer,223967,Central Midfield
Óliver Torres,oliver-torres,214775,Central Midfield
Alfred Duncan,alfred-duncan,184894,Central Midfield
Diego Demme,diego-demme,82070,Defensive Midfield
Davy Pröpper,davy-propper,79027,Central Midfield
Alex Teixeira,alex-teixeira,66515,Attacking Midfield
Yari Verschaeren,yari-verschaeren,502302,Attacking Midfield
Yusuf Yazici,yusuf-yazici,386726,Attacking Midfield
Amine Harit,amine-harit,372711,Attacking Midfield
Anton Miranchuk,anton-miranchuk,255451,Attacking Midfield
Aleksey Miranchuk,aleksey-miranchuk,255450,Attacking Midfield
Wahbi Khazri,wahbi-khazri,103565,Attacking Midfield
Mohamed Ihattaren,mohamed-ihattaren,503638,Attacking Midfield
Nicolás De La Cruz,nicolas-de-la-cruz,397458,Attacking Midfield
Hamed Junior Traorè,hamed-junior-traore,391065,Attacking Midfield
Ibrahim Sangaré,ibrahim-sangare,375885,Defensive Midfield
Florentino,florentino,357162,Defensive Midfield
Christopher Nkunku,christopher-nkunku,344381,Central Midfield
Mikel Merino,mikel-merino,338424,Central Midfield
Valentin Rongier,valentin-rongier,332889,Central Midfield
Todd Cantwell,todd-cantwell,332341,Left Midfield
Marko Rog,marko-rog,317482,Central Midfield
Rolando Mandragora,rolando-mandragora,308279,Defensive Midfield
Maxime López,maxime-lopez,290862,Central Midfield
Mauro Arambarri,mauro-arambarri,290249,Central Midfield
Nemanja Maksimovic,nemanja-maksimovic,273152,Central Midfield
Abdülkadir Ömür,abdulkadir-omur,271495,Right Midfield
Benjamin Bourigeaud,benjamin-bourigeaud,266359,Central Midfield
Enis Bardhi,enis-bardhi,245014,Central Midfield
Nadiem Amiri,nadiem-amiri,232454,Attacking Midfield
Xaver Schlager,xaver-schlager,223979,Central Midfield
Erick Pulgar,erick-pulgar,215616,Defensive Midfield
Roberto Gagliardini,roberto-gagliardini,197471,Central Midfield
Manu Trigueros,manu-trigueros,188854,Central Midfield
Mario Lemina,mario-lemina,170934,Defensive Midfield
Pierre-Emile Höjbjerg,pierre-emile-hojbjerg,167799,Central Midfield
Hans Vanaken,hans-vanaken,137576,Attacking Midfield
Rafinha,rafinha,129473,Attacking Midfield
Tom Cairney,tom-cairney,123275,Attacking Midfield
José Campaña,jose-campana,120095,Central Midfield
Dudu,dudu,114937,Right Midfield
Charles Aránguiz,charles-aranguiz,89701,Central Midfield
Franco Vázquez,franco-vazquez,76163,Attacking Midfield
Javier Pastore,javier-pastore,55215,Attacking Midfield
Fabian Delph,fabian-delph,50362,Central Midfield
Juan Mata,juan-mata,44068,Attacking Midfield
Jack Cork,jack-cork,40613,Defensive Midfield
Arturo Vidal,arturo-vidal,37666,Central Midfield
David Silva,david-silva,35518,Attacking Midfield
Éver Banega,ever-banega,12249,Central Midfield
Gerson,gerson,341705,Central Midfield
Joan Jordán,joan-jordan,263727,Central Midfield
Karol Linetty,karol-linetty,225873,Central Midfield
Ruslan Malinovskyi,ruslan-malinovskyi,207877,Central Midfield
Mario Pasalic,mario-pasalic,205938,Central Midfield
Marco Benassi,marco-benassi,201040,Central Midfield
Tonny Vilhena,tonny-vilhena,182581,Central Midfield
Roman Zobnin,roman-zobnin,166277,Central Midfield
Sergi Darder,sergi-darder,142021,Central Midfield
Rémy Cabella,remy-cabella,113707,Attacking Midfield
Giuliano,giuliano,54375,Attacking Midfield
Razvan Marin,razvan-marin,295183,Central Midfield
Pablo Rosario,pablo-rosario,370791,Defensive Midfield
Tyler Adams,tyler-adams,332705,Defensive Midfield
Manuel Locatelli,manuel-locatelli,265088,Central Midfield
Suat Serdar,suat-serdar,261905,Central Midfield
Gabriel,gabriel,167291,Central Midfield
Adrien Silva,adrien-silva,56810,Central Midfield
Alexis Mac Allister,alexis-mac-allister,534033,Attacking Midfield
Agustín Almendra,agustin-almendra,491698,Central Midfield
Dominik Szoboszlai,dominik-szoboszlai,451276,Left Midfield
Yves Bissouma,yves-bissouma,410425,Central Midfield
Guus Til,guus-til,372267,Attacking Midfield
Michaël Cuisance,michael-cuisance,344600,Central Midfield
Hannes Wolf,hannes-wolf,321070,Attacking Midfield
Jakub Jankto,jakub-jankto,319160,Central Midfield
Ellyes Skhiri,ellyes-skhiri,290587,Defensive Midfield
Orel Mangala,orel-mangala,289592,Central Midfield
Gastón Pereiro,gaston-pereiro,264116,Attacking Midfield
Seko Fofana,seko-fofana,182893,Central Midfield
Jeffrey Schlupp,jeffrey-schlupp,157506,Left Midfield
Okay Yokuslu,okay-yokuslu,137616,Defensive Midfield
Téji Savanier,teji-savanier,127156,Central Midfield
Aaron Mooy,aaron-mooy,123951,Central Midfield
Edin Visca,edin-visca,109217,Right Midfield
Josuha Guilavogui,josuha-guilavogui,93704,Defensive Midfield
Matt Ritchie,matt-ritchie,92469,Right Midfield
Pascal Groß,pascal-gross,82873,Central Midfield
Victor Wanyama,victor-wanyama,77760,Defensive Midfield
Josef,josef,73741,Defensive Midfield
Adem Ljajic,adem-ljajic,69374,Attacking Midfield
Kevin Strootman,kevin-strootman,68864,Defensive Midfield
Kwadwo Asamoah,kwadwo-asamoah,63531,Left Midfield
Morgan Schneiderlin,morgan-schneiderlin,56818,Defensive Midfield
Renato Augusto,renato-augusto,53058,Central Midfield
Adam Lallana,adam-lallana,43530,Attacking Midfield
Cesc Fàbregas,cesc-fabregas,8806,Central Midfield
James Milner,james-milner,3333,Central Midfield
Albert Sambi Lokonga,albert-sambi-lokonga,381967,Defensive Midfield
Kalvin Phillips,kalvin-phillips,351749,Defensive Midfield
Daler Kuzyaev,daler-kuzyaev,279570,Central Midfield
Mijat Gacinovic,mijat-gacinovic,215864,Attacking Midfield
Soualiho Meïté,soualiho-meite,164913,Central Midfield
Jeff Hendrick,jeff-hendrick,148262,Central Midfield
Roberto Pereyra,roberto-pereyra,112302,Attacking Midfield
Fernando,fernando,105456,Defensive Midfield
Matías Palacios,matias-palacios,621370,Attacking Midfield
Cristian Ferreira,cristian-ferreira,548468,Central Midfield
Wendel,wendel,499721,Central Midfield
Fausto Vera,fausto-vera,491701,Defensive Midfield
Santiago Cáseres,santiago-caseres,466298,Defensive Midfield
Santiago Ascacíbar,santiago-ascacibar,423436,Central Midfield
Jean Pyerre,jean-pyerre,351903,Attacking Midfield
Guido Rodríguez,guido-rodriguez,342385,Defensive Midfield
Hamza Choudhury,hamza-choudhury,341501,Defensive Midfield
Franco Cervi,franco-cervi,341110,Left Midfield
Pierre Kunde Malong,pierre-kunde-malong,339829,Central Midfield
Riqui Puig,riqui-puig,331511,Central Midfield
Jota,jota,329812,Right Midfield
Marvelous Nakamba,marvelous-nakamba,324882,Defensive Midfield
Xeka,xeka,290256,Central Midfield
Sofyan Amrabat,sofyan-amrabat,287579,Central Midfield
Óscar Rodríguez,oscar-rodriguez,284884,Attacking Midfield
Tomas Soucek,tomas-soucek,283628,Defensive Midfield
Maximiliano Meza,maximiliano-meza,282476,Attacking Midfield
Kenedy,kenedy,281404,Left Midfield
Antonin Barak,antonin-barak,272261,Central Midfield
Rubén Alcaraz,ruben-alcaraz,247250,Central Midfield
Nabil Bentaleb,nabil-bentaleb,245537,Central Midfield
Rodolfo Pizarro,rodolfo-pizarro,234918,Attacking Midfield
Diego Laxalt,diego-laxalt,230552,Left Midfield
Mateus Uribe,mateus-uribe,214538,Central Midfield
Isaac Hayden,isaac-hayden,206225,Defensive Midfield
Mahmoud Dahoud,mahmoud-dahoud,191422,Central Midfield
Bobby Reid,bobby-reid,186186,Attacking Midfield
Abdoulaye Touré,abdoulaye-toure,181382,Defensive Midfield
Janik Haberer,janik-haberer,177779,Central Midfield
Stefano Sturaro,stefano-sturaro,167859,Central Midfield
Yuri Gazinskiy,yuri-gazinskiy,159957,Central Midfield
Konstantinos Fortounis,konstantinos-fortounis,157539,Attacking Midfield
Max Meyer,max-meyer,146164,Attacking Midfield
Rani Khedira,rani-khedira,124410,Defensive Midfield
Juan Fernando Quintero,juan-fernando-quintero,122582,Attacking Midfield
Yannick Gerhardt,yannick-gerhardt,119277,Central Midfield
Benjamin André,benjamin-andre,84301,Central Midfield
Christoph Kramer,christoph-kramer,82097,Defensive Midfield
Cheikhou Kouyaté,cheikhou-kouyate,66934,Defensive Midfield
Oriol Romeu,oriol-romeu,66100,Defensive Midfield
Marc Albrighton,marc-albrighton,61560,Right Midfield
Yann M'Vila,yann-mvila,60573,Defensive Midfield
Taras Stepanenko,taras-stepanenko,59970,Defensive Midfield
João Moutinho,joao-moutinho,29364,Central Midfield
Fernandinho,fernandinho,26267,Defensive Midfield
Daniele Baselli,daniele-baselli,134883,Central Midfield
Marouane Fellaini,marouane-fellaini,39679,Central Midfield
Giorgi Chakvetadze,giorgi-chakvetadze,412616,Attacking Midfield
Daichi Kamada,daichi-kamada,356141,Attacking Midfield
Florent Mollet,florent-mollet,222859,Attacking Midfield
Djibril Sow,djibril-sow,212723,Central Midfield
Alex Pritchard,alex-pritchard,200777,Attacking Midfield
Andreas Samaris,andreas-samaris,140032,Defensive Midfield
Sérgio Oliveira,sergio-oliveira,112465,Central Midfield
Vicente Iborra,vicente-iborra,65467,Central Midfield
Lars Bender,lars-bender,30059,Defensive Midfield
Jonas Hofmann,jonas-hofmann,7161,Central Midfield
Dennis Geiger,dennis-geiger,251309,Central Midfield
Badou Ndiaye,badou-ndiaye,211325,Central Midfield
Dominik Kohr,dominik-kohr,118847,Central Midfield
Mady Camara,mady-camara,481173,Defensive Midfield
Lucas Robertone,lucas-robertone,457221,Central Midfield
Morgan Gibbs-White,morgan-gibbs-white,429014,Central Midfield
Maycon,maycon,421935,Central Midfield
Oliver Skipp,oliver-skipp,406638,Defensive Midfield
Pierre Lees Melou,pierre-lees-melou,377393,Central Midfield
Ilzat Akhmetov,ilzat-akhmetov,334440,Central Midfield
Gustavo Scarpa,gustavo-scarpa,330085,Attacking Midfield
Baptiste Santamaría,baptiste-santamaria,285323,Defensive Midfield
Elvis Rexhbecaj,elvis-rexhbecaj,280575,Central Midfield
Danilo,danilo,273438,Defensive Midfield
Dmitri Barinov,dmitri-barinov,263905,Defensive Midfield
Rade Krunic,rade-krunic,259953,Central Midfield
João Carvalho,joao-carvalho,258005,Attacking Midfield
Edimilson Fernandes,edimilson-fernandes,247555,Central Midfield
Bradley Dack,bradley-dack,238556,Attacking Midfield
Adrien Thomasson,adrien-thomasson,215977,Attacking Midfield
Solly March,solly-march,209212,Left Midfield
Andrija Zivkovic,andrija-zivkovic,206843,Right Midfield
Alejandro Pozuelo,alejandro-pozuelo,188853,Attacking Midfield
Adrien Tamèze,adrien-tameze,157507,Defensive Midfield
Omar Mascarell,omar-mascarell,142031,Defensive Midfield
Stuart Armstrong,stuart-armstrong,130765,Central Midfield
Gastón Ramírez,gaston-ramirez,123742,Attacking Midfield
Rodrigo Battaglia,rodrigo-battaglia,89297,Central Midfield
Jack Wilshere,jack-wilshere,74223,Central Midfield
Alan Dzagoev,alan-dzagoev,69683,Central Midfield
Roberto Soriano,roberto-soriano,63186,Central Midfield
Éverton Ribeiro,everton-ribeiro,52896,Attacking Midfield
Joe Allen,joe-allen,51452,Central Midfield
Ignacio Fernández,ignacio-fernandez,50669,Central Midfield
Ljubomir Fejsa,ljubomir-fejsa,46110,Defensive Midfield
Mousa Dembélé,mousa-dembele,19368,Central Midfield
Santiago Sosa,santiago-sosa,576026,Defensive Midfield
Emanuel Reynoso,emanuel-reynoso,439626,Attacking Midfield
Ivan Oblyakov,ivan-oblyakov,419845,Central Midfield
Mathieu Cafaro,mathieu-cafaro,399383,Attacking Midfield
Teun Koopmeiners,teun-koopmeiners,360518,Defensive Midfield
Roberto Alvarado,roberto-alvarado,353583,Attacking Midfield
Víctor Guzmán,victor-guzman,325598,Attacking Midfield
Rubén Pérez,ruben-perez,113045,Defensive Midfield
Guido Pizarro,guido-pizarro,105899,Defensive Midfield
Aleksandr Erokhin,aleksandr-erokhin,84483,Attacking Midfield
Clément Grenier,clement-grenier,72479,Central Midfield
Conor Hourihane,conor-hourihane,61653,Central Midfield
Mikel San José,mikel-san-jose,52469,Defensive Midfield
Lucas Leiva,lucas-leiva,41414,Defensive Midfield
Raúl García,raul-garcia,34601,Attacking Midfield
Luiz Gustavo,luiz-gustavo,10471,Defensive Midfield
Orkun Kökcü,orkun-kokcu,454567,Attacking Midfield
Ronaldo Vieira,ronaldo-vieira,434676,Central Midfield
Matías Rojas,matias-rojas,417327,Attacking Midfield
Aurélien Tchouaméni,aurelien-tchouameni,413112,Defensive Midfield
Alexis Saelemaekers,alexis-saelemaekers,381950,Right Midfield
Arnór Sigurdsson,arnor-sigurdsson,377665,Attacking Midfield
Bryan Heynen,bryan-heynen,356081,Central Midfield
Pape Cheikh,pape-cheikh,336828,Central Midfield
Otávio,otavio,312314,Defensive Midfield
Ludovic Blas,ludovic-blas,288225,Central Midfield
Youssef Aït Bennasser,youssef-ait-bennasser,265569,Central Midfield
Eduard Löwen,eduard-lowen,260655,Central Midfield
Adam Marusic,adam-marusic,239802,Right Midfield
Daniel Amartey,daniel-amartey,214056,Defensive Midfield
Ibrahim Amadou,ibrahim-amadou,205503,Defensive Midfield
Roque Mesa,roque-mesa,202984,Central Midfield
Alberto Grassi,alberto-grassi,197473,Central Midfield
Jean-Eudes Aholou,jean-eudes-aholou,178313,Defensive Midfield
Marco van Ginkel,marco-van-ginkel,147034,Central Midfield
George Saville,george-saville,141573,Central Midfield
Nampalys Mendy,nampalys-mendy,111051,Defensive Midfield
Pedro Obiang,pedro-obiang,101213,Central Midfield
Leonardo Bittencourt,leonardo-bittencourt,93844,Attacking Midfield
Ashley Westwood,ashley-westwood,91317,Defensive Midfield
Tomás Rincón,tomas-rincon,75942,Defensive Midfield
Steven Zuber,steven-zuber,68033,Left Midfield
Jake Livermore,jake-livermore,61832,Defensive Midfield
Tobias Strobl,tobias-strobl,57845,Defensive Midfield
Harry Arter,harry-arter,55742,Central Midfield
Sami Khedira,sami-khedira,29401,Central Midfield
Antonio Candreva,antonio-candreva,25488,Right Midfield
Ibrahima Sissoko,ibrahima-sissoko,372712,Defensive Midfield
Érick Gutiérrez,erick-gutierrez,298796,Central Midfield
Amer Gojak,amer-gojak,293210,Attacking Midfield
Dorukhan Toköz,dorukhan-tokoz,275935,Central Midfield
Iván Marcone,ivan-marcone,90451,Defensive Midfield
Nemanja Gudelj,nemanja-gudelj,74294,Defensive Midfield
Étienne Capoue,etienne-capoue,63494,Defensive Midfield
Sebastian Rudy,sebastian-rudy,57051,Defensive Midfield
Daniel Caligiuri,daniel-caligiuri,38410,Right Midfield
Mohamed Elneny,mohamed-elneny,160438,Defensive Midfield
Marcos Antônio,marcos-antonio,468301,Central Midfield
Elisha Owusu,elisha-owusu,395695,Defensive Midfield
Michel Vlap,michel-vlap,342702,Attacking Midfield
Alex Kral,alex-kral,337333,Defensive Midfield
Walace,walace,323954,Defensive Midfield
Jean-Victor Makengo,jean-victor-makengo,322305,Central Midfield
Luciano Acosta,luciano-acosta,315169,Attacking Midfield
Mohamed Fares,mohamed-fares,287700,Left Midfield
Krystian Bielik,krystian-bielik,287247,Defensive Midfield
Ianis Hagi,ianis-hagi,282076,Attacking Midfield
Ivan Sunjic,ivan-sunjic,226097,Defensive Midfield
Patrik Hrosovsky,patrik-hrosovsky,217879,Central Midfield
Irfan Can Kahveci,irfan-can-kahveci,216603,Central Midfield
Igor Coronado,igor-coronado,215915,Attacking Midfield
Jorrit Hendrix,jorrit-hendrix,205004,Defensive Midfield
Viktor Kovalenko,viktor-kovalenko,203842,Attacking Midfield
Jean-Paul Boëtius,jean-paul-boetius,182574,Attacking Midfield
John Lundstram,john-lundstram,156941,Central Midfield
Jonathan Viera,jonathan-viera,153238,Attacking Midfield
Nathaniel Chalobah,nathaniel-chalobah,128900,Defensive Midfield
Robbie Brady,robbie-brady,128229,Left Midfield
Sofiane Hanni,sofiane-hanni,113358,Attacking Midfield
Lucas Castro,lucas-castro,105892,Central Midfield
Ryad Boudebouz,ryad-boudebouz,77826,Attacking Midfield
Danny Drinkwater,danny-drinkwater,73491,Central Midfield
Tom Cleverley,tom-cleverley,73484,Central Midfield
Arijan Ademi,arijan-ademi,71542,Defensive Midfield
Borja García,borja-garcia,67808,Attacking Midfield
Leroy Fer,leroy-fer,63342,Central Midfield
Oleg Shatov,oleg-shatov,59187,Left Midfield
John Fleck,john-fleck,54383,Central Midfield
Ramires,ramires,54170,Central Midfield
Dale Stephens,dale-stephens,49755,Central Midfield
Ruud Vormer,ruud-vormer,45864,Central Midfield
James McArthur,james-mcarthur,41416,Central Midfield
Marko Marin,marko-marin,35251,Attacking Midfield
Mark Noble,mark-noble,31835,Central Midfield
Hatem Ben Arfa,hatem-ben-arfa,18900,Attacking Midfield
Enzo Loiodice,enzo-loiodice,581781,Central Midfield
Yacine Adli,yacine-adli,395236,Attacking Midfield
Trent Alexander-Arnold,trent-alexander-arnold,314353,Right-Back
Virgil van Dijk,virgil-van-dijk,139208,Centre-Back
Andrew Robertson,andrew-robertson,234803,Left-Back
Matthijs de Ligt,matthijs-de-ligt,326031,Centre-Back
Aymeric Laporte,aymeric-laporte,176553,Centre-Back
Kalidou Koulibaly,kalidou-koulibaly,93128,Centre-Back
Lucas Hernández,lucas-hernandez,281963,Centre-Back
José Giménez,jose-gimenez,250845,Centre-Back
Harry Maguire,harry-maguire,177907,Centre-Back
Raphaël Varane,raphael-varane,164770,Centre-Back
Joshua Kimmich,joshua-kimmich,161056,Right-Back
Marquinhos,marquinhos,181767,Centre-Back
Davinson Sánchez,davinson-sanchez,341429,Centre-Back
Milan Skriniar,milan-skriniar,204069,Centre-Back
John Stones,john-stones,186590,Centre-Back
Clément Lenglet,clement-lenglet,182904,Centre-Back
Niklas Süle,niklas-sule,166601,Centre-Back
Stefan de Vrij,stefan-de-vrij,111196,Centre-Back
David Alaba,david-alaba,59016,Left-Back
Éder Militão,eder-militao,401530,Centre-Back
Ben Chilwell,ben-chilwell,316125,Left-Back
José Gayà,jose-gaya,221322,Left-Back
João Cancelo,joao-cancelo,182712,Right-Back
Daniel Carvajal,daniel-carvajal,138927,Right-Back
Kyle Walker,kyle-walker,95424,Right-Back
Antonio Rüdiger,antonio-rudiger,86202,Centre-Back
Alex Sandro,alex-sandro,79960,Left-Back
Jordi Alba,jordi-alba,69751,Left-Back
Ibrahima Konaté,ibrahima-konate,357119,Centre-Back
Alessio Romagnoli,alessio-romagnoli,197747,Centre-Back
Samuel Umtiti,samuel-umtiti,126540,Centre-Back
Aaron Wan-Bissaka,aaron-wan-bissaka,477758,Right-Back
Dayot Upamecano,dayot-upamecano,344695,Centre-Back
Caglar Söyüncü,caglar-soyuncu,320141,Centre-Back
Ferland Mendy,ferland-mendy,291417,Left-Back
Manuel Akanji,manuel-akanji,284730,Centre-Back
Nélson Semedo,nelson-semedo,231572,Right-Back
Ricardo Pereira,ricardo-pereira,215876,Right-Back
Jonathan Tah,jonathan-tah,196357,Centre-Back
Héctor Bellerín,hector-bellerin,191217,Right-Back
Konstantinos Manolas,konstantinos-manolas,104752,Centre-Back
Joel Matip,joel-matip,82105,Centre-Back
Benjamin Pavard,benjamin-pavard,353366,Centre-Back
Issa Diop,issa-diop,272622,Centre-Back
Joe Gomez,joe-gomez,256178,Centre-Back
Alex Telles,alex-telles,255755,Left-Back
Abdou Diallo,abdou-diallo,229005,Centre-Back
Thilo Kehrer,thilo-kehrer,228948,Centre-Back
Victor Lindelöf,victor-lindelof,184573,Centre-Back
Nathan Aké,nathan-ake,177476,Centre-Back
Kurt Zouma,kurt-zouma,157509,Centre-Back
Benjamin Mendy,benjamin-mendy,157495,Left-Back
Lucas Digne,lucas-digne,126664,Left-Back
Matthias Ginter,matthias-ginter,124502,Centre-Back
Stefan Savic,stefan-savic,107010,Centre-Back
Kieran Trippier,kieran-trippier,95810,Right-Back
Toby Alderweireld,toby-alderweireld,42710,Centre-Back
Mats Hummels,mats-hummels,39728,Centre-Back
Gerard Piqué,gerard-pique,18944,Centre-Back
Rúben Dias,ruben-dias,258004,Centre-Back
Alejandro Grimaldo,alejandro-grimaldo,193082,Left-Back
Iñigo Martínez,inigo-martinez,158863,Centre-Back
Nikola Milenkovic,nikola-milenkovic,413507,Centre-Back
Achraf Hakimi,achraf-hakimi,398073,Right-Back
Mouctar Diakhaby,mouctar-diakhaby,346289,Centre-Back
Presnel Kimpembe,presnel-kimpembe,282041,Centre-Back
Lukas Klostermann,lukas-klostermann,215599,Right-Back
Oleksandr Zinchenko,oleksandr-zinchenko,203853,Left-Back
Andreas Christensen,andreas-christensen,196948,Centre-Back
Nico Elvedi,nico-elvedi,192635,Centre-Back
Emerson,emerson,181778,Left-Back
Michael Keane,michael-keane,118534,Centre-Back
Mário Fernandes,mario-fernandes,102740,Right-Back
Thomas Meunier,thomas-meunier,100986,Right-Back
César Azpilicueta,cesar-azpilicueta,57500,Right-Back
Dan-Axel Zagadou,dan-axel-zagadou,344598,Centre-Back
Gianluca Mancini,gianluca-mancini,256448,Centre-Back
Tyrone Mings,tyrone-mings,253677,Centre-Back
Nicolás Tagliafico,nicolas-tagliafico,131225,Left-Back
William Saliba,william-saliba,495666,Centre-Back
Youcef Atal,youcef-atal,416108,Right-Back
Jules Koundé,jules-kounde,411975,Centre-Back
Júnior Firpo,junior-firpo,374139,Left-Back
Theo Hernández,theo-hernandez,339808,Left-Back
Kieran Tierney,kieran-tierney,300716,Left-Back
Yerry Mina,yerry-mina,289446,Centre-Back
Mario Hermoso,mario-hermoso,281769,Centre-Back
Álvaro Odriozola,alvaro-odriozola,280730,Right-Back
Joachim Andersen,joachim-andersen,260827,Centre-Back
Yeray Álvarez,yeray-alvarez,255488,Centre-Back
Diego Llorente,diego-llorente,246291,Centre-Back
Djené,djene,221150,Centre-Back
James Tarkowski,james-tarkowski,173504,Centre-Back
Marcos Alonso,marcos-alonso,112515,Left-Back
Nico Schulz,nico-schulz,85867,Left-Back
Marcelo,marcelo,44501,Left-Back
Leonardo Bonucci,leonardo-bonucci,39983,Centre-Back
Armando Izzo,armando-izzo,32113,Centre-Back
Sergio Ramos,sergio-ramos,25557,Centre-Back
Daley Blind,daley-blind,12282,Centre-Back
Alessandro Bastoni,alessandro-bastoni,315853,Centre-Back
Evan N'Dicka,evan-ndicka,371149,Centre-Back
Nordi Mukiele,nordi-mukiele,348026,Right-Back
Eric Bailly,eric-bailly,286384,Centre-Back
Sergio Reguilón,sergio-reguilon,282429,Left-Back
Ben Davies,ben-davies,192765,Left-Back
Luke Shaw,luke-shaw,183288,Left-Back
Marc Bartra,marc-bartra,99922,Centre-Back
Marcel Halstenberg,marcel-halstenberg,70243,Left-Back
Diogo Dalot,diogo-dalot,357147,Right-Back
Merih Demiral,merih-demiral,340879,Centre-Back
Fikayo Tomori,fikayo-tomori,303254,Centre-Back
Timothy Castagne,timothy-castagne,262226,Right-Back
Aarón Martín,aaron-martin,251878,Left-Back
Wendell,wendell,228433,Left-Back
Jonny Otto,jonny-otto,175446,Left-Back
Matt Doherty,matt-doherty,171679,Right-Back
Niklas Stark,niklas-stark,162434,Centre-Back
Felipe,felipe,156501,Centre-Back
Gabriel Paulista,gabriel-paulista,149498,Centre-Back
Lewis Dunk,lewis-dunk,148153,Centre-Back
Danilo,danilo,145707,Right-Back
Pavel Kaderabek,pavel-kaderabek,143798,Right-Back
Alessandro Florenzi,alessandro-florenzi,130365,Right-Back
Jérôme Roussillon,jerome-roussillon,127076,Left-Back
Serge Aurier,serge-aurier,127032,Right-Back
Chris Smalling,chris-smalling,103427,Centre-Back
Sead Kolasinac,sead-kolasinac,94005,Left-Back
Willi Orban,willi-orban,93740,Centre-Back
Sime Vrsaljko,sime-vrsaljko,76061,Right-Back
Yuri Berchiche,yuri-berchiche,61812,Left-Back
Nacho,nacho,58884,Centre-Back
Danny Rose,danny-rose,50174,Left-Back
Dejan Lovren,dejan-lovren,37838,Centre-Back
Daniele Rugani,daniele-rugani,162959,Centre-Back
Ismaily,ismaily,124028,Left-Back
Benoît Badiashile,benoit-badiashile,463603,Centre-Back
Colin Dagba,colin-dagba,460629,Right-Back
Boubacar Kamara,boubacar-kamara,394327,Centre-Back
Malang Sarr,malang-sarr,344596,Centre-Back
Zinho Vanheusden,zinho-vanheusden,338672,Centre-Back
Robin Gosens,robin-gosens,273132,Left-Back
Calum Chambers,calum-chambers,215118,Right-Back
Jamaal Lascelles,jamaal-lascelles,183318,Centre-Back
Matija Nastasic,matija-nastasic,143559,Centre-Back
Conor Coady,conor-coady,128901,Centre-Back
Faouzi Ghoulam,faouzi-ghoulam,126656,Left-Back
Santiago Arias,santiago-arias,120443,Right-Back
Leonardo Spinazzola,leonardo-spinazzola,118689,Left-Back
Germán Pezzella,german-pezzella,113133,Centre-Back
Jannik Vestergaard,jannik-vestergaard,99331,Centre-Back
Marcos Acuña,marcos-acuna,60410,Left-Back
Nicolás Otamendi,nicolas-otamendi,54781,Centre-Back
Jan Vertonghen,jan-vertonghen,43250,Centre-Back
Sokratis,sokratis,34322,Centre-Back
Alfonso Pedraza,alfonso-pedraza,356197,Left-Back
Layvin Kurzawa,layvin-kurzawa,126710,Left-Back
Zeki Celik,zeki-celik,251075,Right-Back
Nikola Maksimovic,nikola-maksimovic,124715,Centre-Back
Philipp Max,philipp-max,111275,Left-Back
Nicolas N'Koulou,nicolas-nkoulou,60577,Centre-Back
Angeliño,angelino,277179,Left-Back
Elseid Hysaj,elseid-hysaj,200056,Right-Back
Mattia Caldara,mattia-caldara,197470,Centre-Back
Fabian Schär,fabian-schar,135343,Centre-Back
Aïssa Mandi,aissa-mandi,80293,Centre-Back
Juan Foyth,juan-foyth,480763,Centre-Back
Renan Lodi,renan-lodi,476352,Left-Back
Reece James,reece-james,472423,Right-Back
Max Aarons,max-aarons,471690,Right-Back
Ozan Kabak,ozan-kabak,361260,Centre-Back
Cristian Romero,cristian-romero,355915,Centre-Back
Luca Pellegrini,luca-pellegrini,346567,Left-Back
Noussair Mazraoui,noussair-mazraoui,340456,Right-Back
Unai Núñez,unai-nunez,338285,Centre-Back
Diego Carlos,diego-carlos,329145,Centre-Back
Denzel Dumfries,denzel-dumfries,321528,Right-Back
Ferro,ferro,294321,Centre-Back
Jason Denayer,jason-denayer,277114,Centre-Back
Hans Hateboer,hans-hateboer,275303,Right-Back
Davide Calabria,davide-calabria,262523,Right-Back
Guillermo Maripán,guillermo-maripan,249730,Centre-Back
Jan Bednarek,jan-bednarek,243028,Centre-Back
Duje Caleta-Car,duje-caleta-car,238266,Centre-Back
Adam Webster,adam-webster,212847,Centre-Back
Benjamin Henrichs,benjamin-henrichs,202591,Right-Back
Karim Rekik,karim-rekik,182579,Centre-Back
Davide Zappacosta,davide-zappacosta,173859,Right-Back
Giovanni Di Lorenzo,giovanni-di-lorenzo,169880,Right-Back
Willy Boly,willy-boly,142310,Centre-Back
Francesco Acerbi,francesco-acerbi,131075,Centre-Back
Juan Bernat,juan-bernat,126719,Left-Back
Kévin Malcuit,kevin-malcuit,126711,Right-Back
John Anthony Brooks,john-anthony-brooks,124732,Centre-Back
Hugo Mallo,hugo-mallo,119905,Right-Back
Andrea Conti,andrea-conti,111227,Right-Back
Shkodran Mustafi,shkodran-mustafi,88590,Centre-Back
Mário Rui,mario-rui,87884,Left-Back
Danny da Costa,danny-da-costa,85906,Right-Back
Diego Godín,diego-godin,54928,Centre-Back
David Luiz,david-luiz,46741,Centre-Back
Mateo Musacchio,mateo-musacchio,45653,Centre-Back
Jonny Evans,jonny-evans,42412,Centre-Back
Jérôme Boateng,jerome-boateng,26485,Centre-Back
Leonardo Balerdi,leonardo-balerdi,575998,Centre-Back
Moussa Niakhaté,moussa-niakhate,291200,Centre-Back
Kenny Lala,kenny-lala,174196,Right-Back
Mitchell Weiser,mitchell-weiser,119211,Right-Back
Daniel Wass,daniel-wass,63463,Right-Back
Léo Dubois,leo-dubois,236400,Right-Back
Edson Álvarez,edson-alvarez,401356,Centre-Back
Ben Godfrey,ben-godfrey,343475,Centre-Back
Matt Targett,matt-targett,250478,Left-Back
Rafael Tolói,rafael-toloi,72441,Centre-Back
Danilo D'Ambrosio,danilo-dambrosio,55769,Right-Back
Ryan Bertrand,ryan-bertrand,40611,Left-Back
Lucas Martínez Quarta,lucas-martinez-quarta,373373,Centre-Back
Stefan Lainer,stefan-lainer,85791,Right-Back
Luiz Felipe,luiz-felipe,457931,Centre-Back
Jamal Lewis,jamal-lewis,346018,Left-Back
Dalbert,dalbert,312862,Left-Back
Pol Lirola,pol-lirola,298975,Right-Back
Alfie Mawson,alfie-mawson,287431,Centre-Back
Fabián Balbuena,fabian-balbuena,285548,Centre-Back
Gian Marco Ferrari,gian-marco-ferrari,277167,Centre-Back
Rob Holding,rob-holding,253341,Centre-Back
Douglas Santos,douglas-santos,220793,Left-Back
Björn Engels,bjorn-engels,193469,Centre-Back
Ludwig Augustinsson,ludwig-augustinsson,170646,Left-Back
Djibril Sidibé,djibril-sidibe,161869,Right-Back
Terence Kongolo,terence-kongolo,152651,Centre-Back
Salif Sané,salif-sane,126534,Centre-Back
Cristiano Biraghi,cristiano-biraghi,124555,Left-Back
Shane Duffy,shane-duffy,119269,Centre-Back
Phil Jones,phil-jones,117996,Centre-Back
Jeffrey Gouweleeuw,jeffrey-gouweleeuw,106405,Centre-Back
Steve Cook,steve-cook,90836,Centre-Back
Mattia De Sciglio,mattia-de-sciglio,88682,Right-Back
Martin Hinteregger,martin-hinteregger,85789,Centre-Back
Kevin Vogt,kevin-vogt,84435,Centre-Back
Seamus Coleman,seamus-coleman,68390,Right-Back
Patrick van Aanholt,patrick-van-aanholt,52119,Left-Back
Mamadou Sakho,mamadou-sakho,47713,Centre-Back
Lisandro Martínez,lisandro-martinez,480762,Centre-Back
William,william,341710,Right-Back
Maximilian Mittelstädt,maximilian-mittelstadt,282660,Left-Back
Pedro Porro,pedro-porro,553875,Right-Back
Adrià Pedrosa,adria-pedrosa,501418,Left-Back
Chris Mepham,chris-mepham,480987,Centre-Back
Gabriel Magalhães,gabriel-magalhaes,435338,Centre-Back
Gonzalo Montiel,gonzalo-montiel,402733,Right-Back
Rogério,rogerio,401527,Left-Back
Francisco Montero,francisco-montero,396333,Centre-Back
Ethan Ampadu,ethan-ampadu,392771,Centre-Back
Marcelo Saracchi,marcelo-saracchi,373916,Left-Back
Marash Kumbulla,marash-kumbulla,371371,Centre-Back
Fernando Calero,fernando-calero,357884,Centre-Back
Rúben Vinagre,ruben-vinagre,357158,Left-Back
Axel Tuanzebe,axel-tuanzebe,342046,Centre-Back
Kyle Walker-Peters,kyle-walker-peters,341051,Right-Back
Takehiro Tomiyasu,takehiro-tomiyasu,331560,Right-Back
Robin Koch,robin-koch,328784,Centre-Back
Fodé Ballo-Touré,fode-ballo-toure,296422,Left-Back
Jorge Meré,jorge-mere,286779,Centre-Back
Marc Cucurella,marc-cucurella,284857,Left-Back
Emanuel Mammana,emanuel-mammana,275512,Centre-Back
Maximilian Wöber,maximilian-wober,263361,Centre-Back
Carlos Salcedo,carlos-salcedo,256866,Centre-Back
Jesús Vallejo,jesus-vallejo,251896,Centre-Back
Diego Rico,diego-rico,249513,Left-Back
Ola Aina,ola-aina,236490,Right-Back
Aritz Elustondo,aritz-elustondo,229804,Centre-Back
Jordan Torunarigha,jordan-torunarigha,227110,Centre-Back
Jack O'Connell,jack-oconnell,212829,Centre-Back
Joseba Zaldua,joseba-zaldua,197135,Right-Back
Kevin Mbabu,kevin-mbabu,183321,Right-Back
Arthur Masuaku,arthur-masuaku,181380,Left-Back
Berat Djimsiti,berat-djimsiti,165513,Centre-Back
Cristiano Piccini,cristiano-piccini,163086,Right-Back
Solomon Kvirkvelia,solomon-kvirkvelia,157391,Centre-Back
Pablo,pablo,149577,Centre-Back
Youssouf Sabaly,youssouf-sabaly,135492,Right-Back
Benjamin Stambouli,benjamin-stambouli,127160,Centre-Back
Adama Soumaoro,adama-soumaoro,126673,Centre-Back
José Luis Palomino,jose-luis-palomino,125020,Centre-Back
John Egan,john-egan,121324,Centre-Back
Cédric Soares,cedric-soares,112988,Right-Back
Jonas Hector,jonas-hector,108537,Left-Back
Sebastián Coates,sebastian-coates,102427,Centre-Back
Marcos Rojo,marcos-rojo,93176,Centre-Back
Eliaquim Mangala,eliaquim-mangala,90681,Centre-Back
Marvin Plattenhardt,marvin-plattenhardt,89592,Left-Back
Yaroslav Rakitskiy,yaroslav-rakitskiy,89222,Centre-Back
Ricardo Rodríguez,ricardo-rodriguez,86784,Left-Back
Nathaniel Clyne,nathaniel-clyne,85177,Right-Back
Ben Mee,ben-mee,74810,Centre-Back
Mario Gaspar,mario-gaspar,73250,Right-Back
Víctor Laguardia,victor-laguardia,67080,Centre-Back
Sidnei,sidnei,27374,Centre-Back
Lloyd Kelly,lloyd-kelly,480116,Left-Back
Joakim Maehle,joakim-maehle,369674,Right-Back
Frédéric Guilbert,frederic-guilbert,354352,Right-Back
Panagiotis Retsos,panagiotis-retsos,324351,Centre-Back
Filip Benkovic,filip-benkovic,293168,Centre-Back
Jeremiah St. Juste,jeremiah-st-juste,288253,Centre-Back
Youssouf Koné,youssouf-kone,274484,Left-Back
Stefan Posch,stefan-posch,223974,Centre-Back
Alberto Moreno,alberto-moreno,207917,Left-Back
Timo Baumgartl,timo-baumgartl,187491,Centre-Back
Christophe Hérelle,christophe-herelle,170544,Centre-Back
David López,david-lopez,129444,Centre-Back
Kaan Ayhan,kaan-ayhan,119031,Centre-Back
Christian Günter,christian-gunter,93707,Left-Back
Rafael,rafael,61892,Right-Back
Adam Smith,adam-smith,61841,Right-Back
Aleksandar Dragovic,aleksandar-dragovic,59032,Centre-Back
Medhi Benatia,medhi-benatia,45124,Centre-Back
Sven Bender,sven-bender,29993,Centre-Back
Stanley Nsoki,stanley-nsoki,371141,Left-Back
Luis Abram,luis-abram,330684,Centre-Back
Georgiy Dzhikiya,georgiy-dzhikiya,185024,Centre-Back
Jean-Clair Todibo,jean-clair-todibo,605184,Centre-Back
Strahinja Pavlovic,strahinja-pavlovic,574671,Centre-Back
Valentin Rosier,valentin-rosier,441170,Right-Back
Jhon Lucumí,jhon-lucumi,413565,Centre-Back
Ezri Konsa,ezri-konsa,413403,Centre-Back
Lyanco,lyanco,379807,Centre-Back
Joseph Aidoo,joseph-aidoo,358250,Centre-Back
Faitout Maouassa,faitout-maouassa,357072,Left-Back
Rick van Drongelen,rick-van-drongelen,354340,Centre-Back
Andrea Cistana,andrea-cistana,337381,Centre-Back
Ramy Bensebaini,ramy-bensebaini,284732,Left-Back
Samuel Gigot,samuel-gigot,276896,Centre-Back
Marlon,marlon,273236,Centre-Back
Jonjoe Kenny,jonjoe-kenny,258883,Right-Back
DeAndre Yedlin,deandre-yedlin,255916,Right-Back
Wesley Hoedt,wesley-hoedt,253765,Centre-Back
Alexander Djiku,alexander-djiku,250844,Centre-Back
Jordan Amavi,jordan-amavi,241229,Left-Back
Denis Vavro,denis-vavro,239962,Centre-Back
Rubén Peña,ruben-pena,238868,Right-Back
Kenny Tete,kenny-tete,206746,Right-Back
Ruben Aguilar,ruben-aguilar,203746,Right-Back
Milos Veljkovic,milos-veljkovic,202228,Centre-Back
Waldemar Anton,waldemar-anton,193004,Centre-Back
Álvaro González,alvaro-gonzalez,183647,Centre-Back
Bartosz Bereszynski,bartosz-bereszynski,144143,Right-Back
Jeison Murillo,jeison-murillo,131102,Centre-Back
Ben Gibson,ben-gibson,128904,Centre-Back
Joël Veltman,joel-veltman,111195,Right-Back
Robin Knoche,robin-knoche,94201,Centre-Back
Sergi Gómez,sergi-gomez,92947,Centre-Back
Aaron Cresswell,aaron-cresswell,92571,Left-Back
André Almeida,andre-almeida,83466,Right-Back
Hiroki Sakai,hiroki-sakai,83002,Right-Back
Christian Kabasele,christian-kabasele,81512,Centre-Back
Martín Montoya,martin-montoya,68645,Right-Back
Néstor Araujo,nestor-araujo,64134,Centre-Back
Matteo Darmian,matteo-darmian,54906,Right-Back
Angelo Ogbonna,angelo-ogbonna,48002,Centre-Back
Kamil Glik,kamil-glik,46552,Centre-Back
Aleksandar Kolarov,aleksandar-kolarov,46156,Left-Back
Domagoj Vida,domagoj-vida,46083,Centre-Back
Nacho Monreal,nacho-monreal,43003,Left-Back
Ezequiel Garay,ezequiel-garay,35939,Centre-Back
Ramiro Funes Mori,ramiro-funes-mori,11111,Centre-Back
Aihen Muñoz,aihen-munoz,517842,Left-Back
Martin Aguirregabiria,martin-aguirregabiria,483573,Right-Back
Léo Duarte,leo-duarte,312678,Centre-Back
Marin Pongracic,marin-pongracic,282144,Centre-Back
Christian Luyindama,christian-luyindama,262793,Centre-Back
Tin Jedvaj,tin-jedvaj,206386,Centre-Back
Cristian Ramírez,cristian-ramirez,189485,Left-Back
Uros Spajic,uros-spajic,160222,Centre-Back
Dominique Heintz,dominique-heintz,110036,Centre-Back
Sergio Escudero,sergio-escudero,93935,Left-Back
Arthur Zagre,arthur-zagre,536477,Left-Back
Brandon Williams,brandon-williams,507700,Left-Back
Marcos Senesi,marcos-senesi,469781,Centre-Back
Eric García,eric-garcia,466794,Centre-Back
Jayden Bogle,jayden-bogle,465717,Right-Back
Rodrigo Becão,rodrigo-becao,410158,Centre-Back
Yan Valery,yan-valery,406008,Right-Back
Mason Holgate,mason-holgate,348623,Centre-Back
Kelvin Amian,kelvin-amian,344072,Right-Back
Timothy Fosu-Mensah,timothy-fosu-mensah,315131,Right-Back
Dael Fry,dael-fry,314140,Centre-Back
Kasim Adams,kasim-adams,263801,Centre-Back
Kevin Danso,kevin-danso,263236,Centre-Back
Florent Hadergjonaj,florent-hadergjonaj,238809,Right-Back
Simon Deli,simon-deli,234124,Centre-Back
Philipp Lienhart,philipp-lienhart,225657,Centre-Back
Rick Karsdorp,rick-karsdorp,205006,Right-Back
Álex Moreno,alex-moreno,193098,Left-Back
Omar Colley,omar-colley,174733,Centre-Back
Prince Gouano,prince-gouano,171410,Centre-Back
Paul Dummett,paul-dummett,170321,Left-Back
Jack Stephens,jack-stephens,163744,Centre-Back
Jetro Willems,jetro-willems,146258,Left-Back
Ryan Fredericks,ryan-fredericks,140191,Right-Back
Liam Moore,liam-moore,128906,Centre-Back
Juan Jesus,juan-jesus,121985,Centre-Back
Federico Fernández,federico-fernandez,85475,Centre-Back
Christopher Schindler,christopher-schindler,57842,Centre-Back
Marcelo,marcelo,52920,Centre-Back
Benjamin Hübner,benjamin-hubner,52348,Centre-Back
Domagoj Bradaric,domagoj-bradaric,357796,Left-Back
Sebastiaan Bornauw,sebastiaan-bornauw,338629,Centre-Back
Felix Uduokhai,felix-uduokhai,278343,Centre-Back
Wallace,wallace,225335,Centre-Back
Almamy Touré,almamy-toure,216181,Centre-Back
Lucas Lima,lucas-lima,182323,Left-Back
Nicola Murru,nicola-murru,171399,Left-Back
Bruno Martins Indi,bruno-martins-indi,112052,Centre-Back
Simon Kjaer,simon-kjaer,48859,Centre-Back
Rayan Aït Nouri,rayan-ait-nouri,578391,Left-Back
Emerson,emerson,476344,Right-Back
Bafodé Diakité,bafode-diakite,463605,Centre-Back
Joe Worrall,joe-worrall,415970,Centre-Back
Bruno Viana,bruno-viana,411838,Centre-Back
Vitalii Mykolenko,vitalii-mykolenko,404842,Left-Back
Pau Torres,pau-torres,399776,Centre-Back
Joris Gnagnon,joris-gnagnon,378954,Centre-Back
Thierry Correia,thierry-correia,367466,Right-Back
Bernardo,bernardo,364258,Left-Back
Pape Abou Cissé,pape-abou-cisse,364234,Centre-Back
Léo Santos,leo-santos,351894,Centre-Back
Bruno Valdez,bruno-valdez,335768,Centre-Back
Jorge Figal,jorge-figal,334055,Centre-Back
Hamari Traoré,hamari-traore,297070,Right-Back
Kevin Rüegg,kevin-ruegg,290032,Right-Back
Jérémy Gelin,jeremy-gelin,288237,Centre-Back
Fabricio Bustos,fabricio-bustos,275381,Right-Back
Paulo Díaz,paulo-diaz,271478,Centre-Back
Jemerson,jemerson,258254,Centre-Back
Rúben Vezo,ruben-vezo,257851,Centre-Back
Amir Rrahmani,amir-rrahmani,257732,Centre-Back
Filippo Romagna,filippo-romagna,256678,Centre-Back
Brandon Mechele,brandon-mechele,236168,Centre-Back
Ridgeciano Haps,ridgeciano-haps,228444,Left-Back
Thomas Foket,thomas-foket,215114,Right-Back
Christopher Jullien,christopher-jullien,201737,Centre-Back
Joe Bryan,joe-bryan,194460,Left-Back
Bouna Sarr,bouna-sarr,190685,Right-Back
Stefano Denswil,stefano-denswil,182923,Centre-Back
Rodrigo Caio,rodrigo-caio,172054,Centre-Back
Vyacheslav Karavaev,vyacheslav-karavaev,170620,Right-Back
Vitor Hugo,vitor-hugo,149752,Centre-Back
Tomas Kalas,tomas-kalas,148657,Centre-Back
Wálter Kannemann,walter-kannemann,145400,Centre-Back
Paulo Oliveira,paulo-oliveira,139336,Centre-Back
Florian Lejeune,florian-lejeune,127108,Centre-Back
Pontus Jansson,pontus-jansson,125314,Centre-Back
Vlad Chiriches,vlad-chiriches,123261,Centre-Back
Konstantinos Laifis,konstantinos-laifis,121570,Centre-Back
Craig Dawson,craig-dawson,121477,Centre-Back
Omar Elabdellaoui,omar-elabdellaoui,121404,Right-Back
Ahmed Hegazy,ahmed-hegazy,111524,Centre-Back
Ciaran Clark,ciaran-clark,98240,Centre-Back
Óscar de Marcos,oscar-de-marcos,96718,Right-Back
Enda Stevens,enda-stevens,85706,Left-Back
Maicon,maicon,84695,Centre-Back
Timothée Kolodziejczak,timothee-kolodziejczak,84085,Centre-Back
Kiko Femenía,kiko-femenia,76467,Right-Back
Liam Cooper,liam-cooper,75067,Centre-Back
Pedro Mendes,pedro-mendes,72857,Centre-Back
Lisandro Magallán,lisandro-magallan,66736,Centre-Back
Bernardo Espinosa,bernardo-espinosa,64598,Centre-Back
James Tavernier,james-tavernier,62094,Right-Back
Dimitrios Siovas,dimitrios-siovas,52403,Centre-Back
Héctor Moreno,hector-moreno,51046,Centre-Back
Kieran Gibbs,kieran-gibbs,44792,Left-Back
Thiago Silva,thiago-silva,29241,Centre-Back
Sergiño Dest,sergino-dest,361104,Right-Back
Clinton Mata,clinton-mata,187718,Right-Back
Marcelo Herrera,marcelo-herrera,621369,Right-Back
Iago,iago,520468,Left-Back
Alan Franco,alan-franco,503343,Centre-Back
Facundo Medina,facundo-medina,474800,Left-Back
Dylan Bronn,dylan-bronn,450417,Centre-Back
Sofiane Alakouch,sofiane-alakouch,434358,Right-Back
Brian Cufré,brian-cufre,401521,Left-Back
Andreaw Gravillon,andreaw-gravillon,395083,Centre-Back
César Montes,cesar-montes,387687,Centre-Back
Moussa Wagué,moussa-wague,364240,Right-Back
Diogo Leite,diogo-leite,357156,Centre-Back
Mert Müldür,mert-muldur,353922,Right-Back
Robert Gumny,robert-gumny,353826,Right-Back
Ayrton Lucas,ayrton-lucas,349585,Left-Back
Jesús Gallardo,jesus-gallardo,344854,Left-Back
Juan Miranda,juan-miranda,341227,Left-Back
Fabio Depaoli,fabio-depaoli,324282,Right-Back
Toni Lato,toni-lato,320271,Left-Back
Giangiacomo Magnani,giangiacomo-magnani,310458,Centre-Back
Félix Eboa Eboa,felix-eboa-eboa,296359,Centre-Back
Sebastiano Luperto,sebastiano-luperto,278531,Centre-Back
Renzo Saravia,renzo-saravia,268642,Right-Back
Samir,samir,255744,Centre-Back
Kevin Bonifazi,kevin-bonifazi,247377,Centre-Back
Francesco Vicari,francesco-vicari,240158,Centre-Back
Jan Oblak,jan-oblak,121483,Goalkeeper
Alisson,alisson,105470,Goalkeeper
Marc-André ter Stegen,marc-andre-ter-stegen,74857,Goalkeeper
Ederson,ederson,238223,Goalkeeper
Kepa,kepa,192279,Goalkeeper
David de Gea,david-de-gea,59377,Goalkeeper
Gianluigi Donnarumma,gianluigi-donnarumma,315858,Goalkeeper
Thibaut Courtois,thibaut-courtois,108390,Goalkeeper
Alex Meret,alex-meret,240414,Goalkeeper
Wojciech Szczesny,wojciech-szczesny,44058,Goalkeeper
André Onana,andre-onana,234509,Goalkeeper
Jordan Pickford,jordan-pickford,130164,Goalkeeper
Bernd Leno,bernd-leno,72476,Goalkeeper
Thomas Strakosha,thomas-strakosha,222209,Goalkeeper
Anthony Lopes,anthony-lopes,60561,Goalkeeper
Pau López,pau-lopez,286415,Goalkeeper
Mike Maignan,mike-maignan,182906,Goalkeeper
Rui Patrício,rui-patricio,45026,Goalkeeper
Alessio Cragno,alessio-cragno,12907,Goalkeeper
Jasper Cillessen,jasper-cillessen,146227,Goalkeeper
Neto,neto,111819,Goalkeeper
Tomas Vaclik,tomas-vaclik,64000,Goalkeeper
Hugo Lloris,hugo-lloris,17965,Goalkeeper
Manuel Neuer,manuel-neuer,17259,Goalkeeper
Alphonse Areola,alphonse-areola,120629,Goalkeeper
Ionut Radu,ionut-radu,303657,Goalkeeper
Dean Henderson,dean-henderson,258919,Goalkeeper
Emil Audero,emil-audero,256339,Goalkeeper
Juan Musso,juan-musso,242359,Goalkeeper
David Soria,david-soria,226012,Goalkeeper
Fernando Pacheco,fernando-pacheco,172015,Goalkeeper
Bartlomiej Dragowski,bartlomiej-dragowski,208166,Goalkeeper
Benjamin Lecomte,benjamin-lecomte,127181,Goalkeeper
Roman Bürki,roman-burki,59027,Goalkeeper
Koen Casteels,koen-casteels,108880,Goalkeeper
Alban Lafont,alban-lafont,357117,Goalkeeper
Jiri Pavlenka,jiri-pavlenka,260053,Goalkeeper
Pierluigi Gollini,pierluigi-gollini,244192,Goalkeeper
Sergio Rico,sergio-rico,207302,Goalkeeper
Alexander Nübel,alexander-nubel,195778,Goalkeeper
Nick Pope,nick-pope,192080,Goalkeeper
Jack Butland,jack-butland,128899,Goalkeeper
Jeroen Zoet,jeroen-zoet,79045,Goalkeeper
Péter Gulácsi,peter-gulacsi,57071,Goalkeeper
Sergio Asenjo,sergio-asenjo,51710,Goalkeeper
Yann Sommer,yann-sommer,42205,Goalkeeper
Kasper Schmeichel,kasper-schmeichel,16911,Goalkeeper
Andrey Lunev,andrey-lunev,112541,Goalkeeper
Aaron Ramsdale,aaron-ramsdale,427568,Goalkeeper
Walter Benítez,walter-benitez,296802,Goalkeeper
Florian Müller,florian-muller,284769,Goalkeeper
Gerónimo Rulli,geronimo-rulli,229604,Goalkeeper
Mathew Ryan,mathew-ryan,128969,Goalkeeper
Odysseas Vlachodimos,odysseas-vlachodimos,124419,Goalkeeper
Mattia Perin,mattia-perin,110923,Goalkeeper
Esteban Andrada,esteban-andrada,105888,Goalkeeper
Marko Dmitrovic,marko-dmitrovic,94308,Goalkeeper
Keylor Navas,keylor-navas,79422,Goalkeeper
Simon Mignolet,simon-mignolet,50219,Goalkeeper
Kevin Trapp,kevin-trapp,45672,Goalkeeper
Igor Akinfeev,igor-akinfeev,15570,Goalkeeper
Edouard Mendy,edouard-mendy,442531,Goalkeeper
Paul Bernardoni,paul-bernardoni,318507,Goalkeeper
Alexander Schwolow,alexander-schwolow,93763,Goalkeeper
Dominik Livakovic,dominik-livakovic,205927,Goalkeeper
Danny Ward,danny-ward,203026,Goalkeeper
Angus Gunn,angus-gunn,201574,Goalkeeper
Robin Olsen,robin-olsen,75458,Goalkeeper
Oliver Baumann,oliver-baumann,55089,Goalkeeper
Fraser Forster,fraser-forster,52570,Goalkeeper
Lukas Hradecky,lukas-hradecky,48015,Goalkeeper
Salvatore Sirigu,salvatore-sirigu,25508,Goalkeeper
Andrii Lunin,andrii-lunin,404839,Goalkeeper
Franco Armani,franco-armani,119634,Goalkeeper
Agustín Marchesín,agustin-marchesin,54534,Goalkeeper
Zack Steffen,zack-steffen,221624,Goalkeeper
Matz Sels,matz-sels,127202,Goalkeeper
Sam Johnstone,sam-johnstone,110864,Goalkeeper
Lukasz Skorupski,lukasz-skorupski,80894,Goalkeeper
Martin Dubravka,martin-dubravka,74960,Goalkeeper
Asmir Begovic,asmir-begovic,33873,Goalkeeper
Matvey Safonov,matvey-safonov,318470,Goalkeeper
Ugurcan Cakir,ugurcan-cakir,292199,Goalkeeper
Unai Simón,unai-simon,262396,Goalkeeper
Jonas Omlin,jonas-omlin,247915,Goalkeeper
Tomas Koubek,tomas-koubek,146714,Goalkeeper
Hendrik Van Crombrugge,hendrik-van-crombrugge,137326,Goalkeeper
Timo Horn,timo-horn,84938,Goalkeeper
Jordi Masip,jordi-masip,65263,Goalkeeper
Neil Etheridge,neil-etheridge,61694,Goalkeeper
Tom Heaton,tom-heaton,34130,Goalkeeper
Samir Handanovic,samir-handanovic,28021,Goalkeeper
Ondrej Kolar,ondrej-kolar,189630,Goalkeeper
Benoît Costil,benoit-costil,22628,Goalkeeper
Illan Meslier,illan-meslier,542586,Goalkeeper
Wuilker Fariñez,wuilker-farinez,373714,Goalkeeper
Aleksandr Maksimenko,aleksandr-maksimenko,351419,Goalkeeper
Kamil Grabara,kamil-grabara,346551,Goalkeeper
Radoslaw Majecki,radoslaw-majecki,346546,Goalkeeper
Dani Martín,dani-martin,335221,Goalkeeper
Aleksandr Selikhov,aleksandr-selikhov,265153,Goalkeeper
Gregor Kobel,gregor-kobel,257814,Goalkeeper
Bono,bono,207834,Goalkeeper
Baptiste Reynet,baptiste-reynet,190786,Goalkeeper
Predrag Rajkovic,predrag-rajkovic,190263,Goalkeeper
Jesse Joronen,jesse-joronen,131758,Goalkeeper
Joel Robles,joel-robles,101118,Goalkeeper
Luigi Sepe,luigi-sepe,99254,Goalkeeper
Alex McCarthy,alex-mccarthy,95976,Goalkeeper
Loris Karius,loris-karius,85864,Goalkeeper
Adrián,adrian,71271,Goalkeeper
Vicente Guaita,vicente-guaita,64399,Goalkeeper
Fernando Muslera,fernando-muslera,58088,Goalkeeper
Jonas Lössl,jonas-lossl,48870,Goalkeeper
Tim Krul,tim-krul,33027,Goalkeeper
Marco Bizot,marco-bizot,124884,Goalkeeper
Stanislav Kritsyuk,stanislav-kritsyuk,98547,Goalkeeper
Wéverton,weverton,69400,Goalkeeper
Darren Randolph,darren-randolph,51321,Goalkeeper
Sven Ulreich,sven-ulreich,40680,Goalkeeper
Diogo Costa,diogo-costa,357153,Goalkeeper
Gautier Larsonneur,gautier-larsonneur,357047,Goalkeeper
Altay Bayindir,altay-bayindir,336077,Goalkeeper
Léo Jardim,leo-jardim,288415,Goalkeeper
Tiago Sá,tiago-sa,286908,Goalkeeper
Brice Samba,brice-samba,191056,Goalkeeper
Iago Herrerín,iago-herrerin,71570,Goalkeeper
Mert Günok,mert-gunok,51894,Goalkeeper
Fabri,fabri,45882,Goalkeeper
Lukasz Fabianski,lukasz-fabianski,29692,Goalkeeper
José Sá,jose-sa,249994,Goalkeeper
Alireza Beiranvand,alireza-beiranvand,229081,Goalkeeper
David von Ballmoos,david-von-ballmoos,203124,Goalkeeper
Paulo Gazzaniga,paulo-gazzaniga,195488,Goalkeeper
Alexander Schlager,alexander-schlager,186374,Goalkeeper
Thomas Didillon,thomas-didillon,182891,Goalkeeper
Cican Stankovic,cican-stankovic,127679,Goalkeeper
Marcus Bettinelli,marcus-bettinelli,116648,Goalkeeper
Emiliano Martínez,emiliano-martinez,111873,Goalkeeper
Renan Ribeiro,renan-ribeiro,95142,Goalkeeper
Richard Strebinger,richard-strebinger,93768,Goalkeeper
David Ospina,david-ospina,73396,Goalkeeper
Milan Borjan,milan-borjan,67797,Goalkeeper
Lars Unnerstall,lars-unnerstall,53696,Goalkeeper
Lovre Kalinic,lovre-kalinic,46405,Goalkeeper
Diego Alves,diego-alves,42373,Goalkeeper
Stéphane Ruffier,stephane-ruffier,39910,Goalkeeper
Andrea Consigli,andrea-consigli,35865,Goalkeeper
Alex Smithies,alex-smithies,33754,Goalkeeper
Sergio Romero,sergio-romero,30690,Goalkeeper
Guillermo Ochoa,guillermo-ochoa,29559,Goalkeeper
Manuel Roffo,manuel-roffo,491687,Goalkeeper
Lucas Chávez,lucas-chavez,360791,Goalkeeper
Justin Bijlow,justin-bijlow,315121,Goalkeeper
Vasilios Barkas,vasilios-barkas,248658,Goalkeeper
Guido Herrera,guido-herrera,230014,Goalkeeper
Tiago Volpi,tiago-volpi,227671,Goalkeeper
Rubén Blanco,ruben-blanco,199321,Goalkeeper
Bruno Varela,bruno-varela,182722,Goalkeeper
Stole Dimitrievski,stole-dimitrievski,165467,Goalkeeper
Yvon Mvogo,yvon-mvogo,147051,Goalkeeper
Karl Darlow,karl-darlow,99397,Goalkeeper
Marco Silvestri,marco-silvestri,85528,Goalkeeper
Etrit Berisha,etrit-berisha,77825,Goalkeeper
Thomas Kaminski,thomas-kaminski,77757,Goalkeeper
Aleksandr Belenov,aleksandr-belenov,62514,Goalkeeper
Guilherme,guilherme,55369,Goalkeeper
Gabriel Arias,gabriel-arias,54330,Goalkeeper
Marcelo Grohe,marcelo-grohe,52313,Goalkeeper
Cássio,cassio,50144,Goalkeeper
Wayne Hennessey,wayne-hennessey,45494,Goalkeeper
Joe Hart,joe-hart,40204,Goalkeeper
Ralf Fährmann,ralf-fahrmann,39015,Goalkeeper
Sinan Bolat,sinan-bolat,33862,Goalkeeper
Kiko Casilla,kiko-casilla,27486,Goalkeeper
Anton Shunin,anton-shunin,37549,Goalkeeper
Ezequiel Unsain,ezequiel-unsain,337600,Goalkeeper
Martín Campaña,martin-campana,91755,Goalkeeper
Alessandro Plizzari,alessandro-plizzari,357991,Goalkeeper
Bingourou Kamara,bingourou-kamara,333175,Goalkeeper
Jean Butez,jean-butez,290537,Goalkeeper
Iñaki Peña,inaki-pena,283170,Goalkeeper
Gastón Guruceaga,gaston-guruceaga,266070,Goalkeeper
Mohammed Al-Owais,mohammed-al-owais,262845,Goalkeeper
David Raya,david-raya,262749,Goalkeeper
Juan Soriano,juan-soriano,251892,Goalkeeper
Rui Silva,rui-silva,234811,Goalkeeper
Jaume Doménech,jaume-domenech,227805,Goalkeeper
Rúnar Alex Rúnarsson,runar-alex-runarsson,205657,Goalkeeper
Marco Sportiello,marco-sportiello,199976,Goalkeeper
Matheus,matheus,177547,Goalkeeper
Aitor Fernández,aitor-fernandez,118997,Goalkeeper
Denys Boiko,denys-boiko,91931,Goalkeeper
Alexandros Paschalakis,alexandros-paschalakis,88348,Goalkeeper
Nahuel Guzmán,nahuel-guzman,87859,Goalkeeper
Marwin Hitz,marwin-hitz,59238,Goalkeeper
Ciprian Tatarusanu,ciprian-tatarusanu,55282,Goalkeeper
Andrii Piatov,andrii-piatov,39996,Goalkeeper
John Ruddy,john-ruddy,29712,Goalkeeper
Steve Mandanda,steve-mandanda,23951,Goalkeeper
Ron-Robert Zieler,ron-robert-zieler,21327,Goalkeeper
Oier Olazábal,oier-olazabal,8176,Goalkeeper
Rodolfo Cota,rodolfo-cota,71401,Goalkeeper
Anton Mitryushkin,anton-mitryushkin,260677,Goalkeeper
Renan,renan,68102,Goalkeeper
Arnaud Bodart,arnaud-bodart,417278,Goalkeeper
Gabriel Brazão,gabriel-brazao,371247,Goalkeeper
Arijanet Muric,arijanet-muric,371021,Goalkeeper
Agustín Rossi,agustin-rossi,352324,Goalkeeper
Mile Svilar,mile-svilar,338670,Goalkeeper
Raúl Gudiño,raul-gudino,295400,Goalkeeper
Ivan Konovalov,ivan-konovalov,278190,Goalkeeper
Freddie Woodman,freddie-woodman,226049,Goalkeeper
Florin Nita,florin-nita,200475,Goalkeeper
Noam Baumann,noam-baumann,192605,Goalkeeper
Paul Nardi,paul-nardi,189744,Goalkeeper
Alfred Gomis,alfred-gomis,163568,Goalkeeper
Plamen Iliev,plamen-iliev,156566,Goalkeeper
Cláudio Ramos,claudio-ramos,155396,Goalkeeper
Santos,santos,140811,Goalkeeper
Daniel Bentley,daniel-bentley,136401,Goalkeeper
Alexei Coselev,alexei-coselev,136109,Goalkeeper
Antonio Rodríguez,antonio-rodriguez,131074,Goalkeeper
Ahmed El Shenawy,ahmed-el-shenawy,124578,Goalkeeper
Pedro Gallese,pedro-gallese,95172,Goalkeeper
Vladislav Stoyanov,vladislav-stoyanov,81659,Goalkeeper
Sergio Padt,sergio-padt,79573,Goalkeeper
Mamadou Samassa,mamadou-samassa,72422,Goalkeeper
Fernando Monetti,fernando-monetti,69815,Goalkeeper
Soslan Dzhanaev,soslan-dzhanaev,59209,Goalkeeper
Alexandre Oukidja,alexandre-oukidja,56809,Goalkeeper
Jonathan Orozco,jonathan-orozco,53592,Goalkeeper
Sergio Álvarez,sergio-alvarez,45912,Goalkeeper
Kenneth Vermeer,kenneth-vermeer,30290,Goalkeeper
Danijel Subasic,danijel-subasic,27941,Goalkeeper
Rune Jarstein,rune-jarstein,24112,Goalkeeper
Roberto Fernández,roberto-fernandez,107318,Goalkeeper
Giedrius Arlauskis,giedrius-arlauskis,69001,Goalkeeper
Jandrei,jandrei,512344,Goalkeeper
Ethan Horvath,ethan-horvath,242284,Goalkeeper
Hugo González,hugo-gonzalez,129031,Goalkeeper
Sean Johnson,sean-johnson,126630,Goalkeeper
Marcelo Lomba,marcelo-lomba,53015,Goalkeeper
Iván Arboleda,ivan-arboleda,260740,Goalkeeper
Simone Scuffet,simone-scuffet,238993,Goalkeeper
David Jensen,david-jensen,78819,Goalkeeper
Régis Gurtner,regis-gurtner,39918,Goalkeeper
Hyeon-uh Jo,hyeon-uh-jo,260171,Goalkeeper
Simon Sluga,simon-sluga,188201,Goalkeeper
Maarten Vandevoordt,maarten-vandevoordt,486046,Goalkeeper
Kjell Scherpen,kjell-scherpen,463527,Goalkeeper
Sebastián Jurado,sebastian-jurado,450406,Goalkeeper
Bailey Peacock-Farrell,bailey-peacock-farrell,410436,Goalkeeper
Oscar Linnér,oscar-linner,366974,Goalkeeper
Berke Özer,berke-ozer,361256,Goalkeeper
Antonio Sivera,antonio-sivera,298197,Goalkeeper
Álvaro Montero,alvaro-montero,292985,Goalkeeper
Alex Muralha,alex-muralha,277743,Goalkeeper
Jesse González,jesse-gonzalez,263770,Goalkeeper
Josip Posavec,josip-posavec,255322,Goalkeeper
Andre Blake,andre-blake,244149,Goalkeeper
Gibrán Lajud,gibran-lajud,242580,Goalkeeper
Patrick Pentz,patrick-pentz,223972,Goalkeeper
Gökhan Akkan,gokhan-akkan,223025,Goalkeeper
Alex Remiro,alex-remiro,212862,Goalkeeper
Marc-Aurèle Caillard,marc-aurele-caillard,205465,Goalkeeper
Emil Rockov,emil-rockov,197520,Goalkeeper
Marek Rodak,marek-rodak,186901,Goalkeeper
Charles,charles,181773,Goalkeeper
Mirko Pigliacelli,mirko-pigliacelli,165893,Goalkeeper
Alfredo Saldívar,alfredo-saldivar,159131,Goalkeeper
Cristian Balgradean,cristian-balgradean,158839,Goalkeeper
Mikhail Levashov,mikhail-levashov,148028,Goalkeeper
Mohamed El Shenawy,mohamed-el-shenawy,134573,Goalkeeper
Kelle Roos,kelle-roos,123503,Goalkeeper
Farouk Ben Mustapha,farouk-ben-mustapha,122351,Goalkeeper
Marius Müller,marius-muller,118161,Goalkeeper
Warner Hahn,warner-hahn,111180,Goalkeeper
Jed Steer,jed-steer,110867,Goalkeeper
Frederik Rönnow,frederik-ronnow,107775,Goalkeeper
Éverson,everson,106032,Goalkeeper
Sung-ryong Jung,sung-ryong-jung,81790,Goalkeeper
Robbin Ruiter,robbin-ruiter,81775,Goalkeeper
Dmitriy Nepogodov,dmitriy-nepogodov,77847,Goalkeeper
Sebastián Sosa,sebastian-sosa,76592,Goalkeeper
Camilo Vargas,camilo-vargas,74113,Goalkeeper
Declan Rudd,declan-rudd,74088,Goalkeeper
Örjan Nyland,orjan-nyland,73517,Goalkeeper
Paulo Victor,paulo-victor,67886,Goalkeeper
David Button,david-button,61814,Goalkeeper
Sergey Pesjakov,sergey-pesjakov,61397,Goalkeeper
Yoel Rodríguez,yoel-rodriguez,58115,Goalkeeper
Andrés Fernández,andres-fernandez,57522,Goalkeeper
Marcelo Barovero,marcelo-barovero,55142,Goalkeeper
Antonio Adán,antonio-adan,44062,Goalkeeper
Claudio Bravo,claudio-bravo,40423,Goalkeeper
Vito Mannone,vito-mannone,33781,Goalkeeper
Miguel Ángel Moyà,miguel-angel-moya,26065,Goalkeeper
Ben Foster,ben-foster,13572,Goalkeeper
Craig Gordon,craig-gordon,12589,Goalkeeper
Brad Jones,brad-jones,4042,Goalkeeper
Jeremías Ledesma,jeremias-ledesma,284342,Goalkeeper
Alan Aguerre,alan-aguerre,269784,Goalkeeper
Stas Pokatilov,stas-pokatilov,240178,Goalkeeper
Seong-yun Gu,seong-yun-gu,238030,Goalkeeper
Masaaki Higashiguchi,masaaki-higashiguchi,113712,Goalkeeper
Shusaku Nishikawa,shusaku-nishikawa,81787,Goalkeeper
Máximo Banguera,maximo-banguera,79303,Goalkeeper
Douglas Friedrich,douglas-friedrich,374094,Goalkeeper
Tyler Miller,tyler-miller,353479,Goalkeeper
Gaëtan Coucke,gaetan-coucke,338651,Goalkeeper
Karlo Letica,karlo-letica,318707,Goalkeeper
Kosuke Nakamura,kosuke-nakamura,165794,Goalkeeper
Alberto Brignoli,alberto-brignoli,146799,Goalkeeper
André Hansen,andre-hansen,103555,Goalkeeper
Harun Tekin,harun-tekin,85213,Goalkeeper
Alexis Martín Arias,alexis-martin-arias,360521,Goalkeeper
Joël Drommel,joel-drommel,333640,Goalkeeper
Ahmed Reda Tagnaouti,ahmed-reda-tagnaouti,238997,Goalkeeper
Timon Wellenreuther,timon-wellenreuther,196829,Goalkeeper
Milan Heca,milan-heca,119472,Goalkeeper
Karl-Johan Johnsson,karl-johan-johnsson,112822,Goalkeeper
Daniel Heuer Fernandes,daniel-heuer-fernandes,84993,Goalkeeper
Sten Grytebust,sten-grytebust,73417,Goalkeeper
Jörg Siebenhandl,jorg-siebenhandl,59009,Goalkeeper
Marcos Díaz,marcos-diaz,56006,Goalkeeper
Isak Pettersson,isak-pettersson,296458,Goalkeeper
Augusto Batalla,augusto-batalla,275218,Goalkeeper
Vanja Milinković-Savić,vanja-milinkovi%C4%87-savi%C4%87,257474,Goalkeeper
Nordin Jackers,nordin-jackers,250543,Goalkeeper
Denis Shcherbitski,denis-shcherbitski,249761,Goalkeeper
Yuri Dyupin,yuri-dyupin,228660,Goalkeeper
Mohamed Awad,mohamed-awad,184818,Goalkeeper
Dénes Dibusz,denes-dibusz,162695,Goalkeeper
Oleksii Shevchenko,oleksii-shevchenko,136537,Goalkeeper
Andrey Sinitsyn,andrey-sinitsyn,106196,Goalkeeper
Felipe Rodríguez,felipe-rodriguez,102699,Goalkeeper
Seung-gyu Kim,seung-gyu-kim,92076,Goalkeeper
Eloy Room,eloy-room,79294,Goalkeeper
Silviu Lung Jr.,silviu-lung-jr-,73731,Goalkeeper
Artur Nigmatullin,artur-nigmatullin,70074,Goalkeeper
Victor,victor,67867,Goalkeeper
Giorgi Makaridze,giorgi-makaridze,55977,Goalkeeper
Danny Vukovic,danny-vukovic,43113,Goalkeeper
Itumeleng Khune,itumeleng-khune,39616,Goalkeeper
Mariano Andújar,mariano-andujar,35491,Goalkeeper
Matous Trmal,matous-trmal,549039,Goalkeeper
Yannis Clementia,yannis-clementia,549318,Goalkeeper
Facundo Cambeses,facundo-cambeses,435001,Goalkeeper
Vladan Kovacevic,vladan-kovacevic,429070,Goalkeeper
José Hernández,jose-hernandez,401349,Goalkeeper
Maxence Prévot,maxence-prevot,394903,Goalkeeper
Dimitry Bertaud,dimitry-bertaud,371816,Goalkeeper
Jean,jean,371231,Goalkeeper
Pontus Dahlberg,pontus-dahlberg,365544,Goalkeeper
Abdelali Mhamdi,abdelali-mhamdi,353476,Goalkeeper
Gil Alcalá,gil-alcala,353420,Goalkeeper
Caoimhin Kelleher,caoimhin-kelleher,340918,Goalkeeper
Adrian Semper,adrian-semper,317057,Goalkeeper
Markus Schubert,markus-schubert,296741,Goalkeeper
Michael Verrips,michael-verrips,288259,Goalkeeper
Luca Zidane,luca-zidane,283489,Goalkeeper
Ivan Zlobin,ivan-zlobin,282654,Goalkeeper
Djordje Nikolic,djordje-nikolic,274344,Goalkeeper
Tadeu,tadeu,258367,Goalkeeper
Aleksandar Jovanovic,aleksandar-jovanovic,256567,Goalkeeper
Lorenzo Montipò,lorenzo-montipo,241923,Goalkeeper
Yoan Cardinale,yoan-cardinale,241231,Goalkeeper
Kenan Piric,kenan-piric,231712,Goalkeeper
Julian Pollersbeck,julian-pollersbeck,228975,Goalkeeper
Andreas Gianniotis,andreas-gianniotis,226802,Goalkeeper
Amir Abedzadeh,amir-abedzadeh,218431,Goalkeeper
Anas Zniti,anas-zniti,216954,Goalkeeper
William Yarbrough,william-yarbrough,215473,Goalkeeper
Jhonatan,jhonatan,212216,Goalkeeper
Christian Walton,christian-walton,208379,Goalkeeper
Heorhii Bushchan,heorhii-bushchan,206888,Goalkeeper
Okan Kocuk,okan-kocuk,204189,Goalkeeper
Mathieu Michel,mathieu-michel,193142,Goalkeeper
Sokratis Dioudis,sokratis-dioudis,187798,Goalkeeper
Lawrence Thomas,lawrence-thomas,181337,Goalkeeper
Ronwen Williams,ronwen-williams,175577,Goalkeeper
Helton Leite,helton-leite,175383,Goalkeeper
Baptiste Valette,baptiste-valette,170509,Goalkeeper
Rodrigo Rey,rodrigo-rey,166591,Goalkeeper
Yanick Brecher,yanick-brecher,165532,Goalkeeper
Robin Zentner,robin-zentner,160963,Goalkeeper
Marvin Schwäbe,marvin-schwabe,160929,Goalkeeper
Daniel Schmidt,daniel-schmidt,158799,Goalkeeper
Quentin Beunardeau,quentin-beunardeau,157484,Goalkeeper
Han-bin Yang,han-bin-yang,156442,Goalkeeper
Nicola Leali,nicola-leali,136111,Goalkeeper
Kevin Dawson,kevin-dawson,131110,Goalkeeper
Maxime Dupé,maxime-dupe,127188,Goalkeeper
Akihiro Hayashi,akihiro-hayashi,121543,Goalkeeper
Jin-hyeon Kim,jin-hyeon-kim,118487,Goalkeeper
Yuji Rokutan,yuji-rokutan,117235,Goalkeeper
Cristian Bonilla,cristian-bonilla,102269,Goalkeeper
Stefan Frei,stefan-frei,99617,Goalkeeper
Danilo Fernandes,danilo-fernandes,99439,Goalkeeper
Joel Silva,joel-silva,99166,Goalkeeper
Munir,munir,97925,Goalkeeper
Leandro Chichizola,leandro-chichizola,95736,Goalkeeper
Sun-tae Kwon,sun-tae-kwon,92496,Goalkeeper
Tomeu Nadal,tomeu-nadal,88397,Goalkeeper
Stefan Ortega Moreno,stefan-ortega-moreno,85941,Goalkeeper
Christian Mathenia,christian-mathenia,82361,Goalkeeper
Janis Blaswich,janis-blaswich,81173,Goalkeeper
Mykyta Shevchenko,mykyta-shevchenko,80312,Goalkeeper
Yota Akimoto,yota-akimoto,79389,Goalkeeper
Gabriel,gabriel,79242,Goalkeeper
Rafal Gikiewicz,rafal-gikiewicz,78339,Goalkeeper
Kristoffer Nordfeldt,kristoffer-nordfeldt,75890,Goalkeeper
Lucas Hoyos,lucas-hoyos,75462,Goalkeeper
Vanderlei,vanderlei,68727,Goalkeeper
Stefanos Kapino,stefanos-kapino,68410,Goalkeeper
Denis Onyango,denis-onyango,68096,Goalkeeper
Alfonso Blanco,alfonso-blanco,63333,Goalkeeper
Mathieu Gorgelin,mathieu-gorgelin,60543,Goalkeeper
Diego Mariño,diego-marino,59349,Goalkeeper
David Yurchenko,david-yurchenko,57631,Goalkeeper
Erwin Mulder,erwin-mulder,56631,Goalkeeper
Raúl Fernández,raul-fernandez,54217,Goalkeeper
Júlio César,julio-cesar,52647,Goalkeeper
Alfredo Talavera,alfredo-talavera,50965,Goalkeeper
Mitchell Langerak,mitchell-langerak,49347,Goalkeeper
Costel Pantilimon,costel-pantilimon,47659,Goalkeeper
Johan Dahlin,johan-dahlin,41653,Goalkeeper
Evgeni Gorodov,evgeni-gorodov,38681,Goalkeeper
Roberto,roberto,37403,Goalkeeper
Diego López,diego-lopez,34370,Goalkeeper
Jesús Corona,jesus-corona,29574,Goalkeeper
Jean-Louis Leca,jean-louis-leca,27490,Goalkeeper
Michel Vorm,michel-vorm,26276,Goalkeeper
Emiliano Viviano,emiliano-viviano,24316,Goalkeeper
Geoffrey Jourdren,geoffrey-jourdren,23938,Goalkeeper
Orestis Karnezis,orestis-karnezis,16408,Goalkeeper
Scott Carson,scott-carson,14555,Goalkeeper
David Marshall,david-marshall,9500,Goalkeeper
Gianluigi Buffon,gianluigi-buffon,5023,Goalkeeper
Iker Casillas,iker-casillas,3979,Goalkeeper
Óscar Ustari,oscar-ustari,3755,Goalkeeper
Filip Nguyen,filip-nguyen,202914,Goalkeeper
Ortwin De Wolf,ortwin-de-wolf,450218,Goalkeeper
Tiepo,tiepo,432964,Goalkeeper
Maarten Paes,maarten-paes,396077,Goalkeeper
Dragan Rosic,dragan-rosic,374055,Goalkeeper
Payam Niazmand,payam-niazmand,343044,Goalkeeper
Fernando Miguel,fernando-miguel,291963,Goalkeeper
Alex Bono,alex-bono,272881,Goalkeeper
Junling Yan,junling-yan,224161,Goalkeeper
Mouez Hassen,mouez-hassen,215677,Goalkeeper
Ivan Provedel,ivan-provedel,197929,Goalkeeper
Giannis Anestis,giannis-anestis,191853,Goalkeeper
Danijel Petkovic,danijel-petkovic,188930,Goalkeeper
Evgeni Frolov,evgeni-frolov,177350,Goalkeeper
Krzysztof Kaminski,krzysztof-kaminski,172874,Goalkeeper
Davy Roef,davy-roef,140808,Goalkeeper
Benjamin van Leer,benjamin-van-leer,123520,Goalkeeper
Aleksandr Gutor,aleksandr-gutor,86269,Goalkeeper
Christian Vargas,christian-vargas,83015,Goalkeeper
Martín Silva,martin-silva,76398,Goalkeeper
José Cuadrado,jose-cuadrado,74057,Goalkeeper
Raffaele Di Gennaro,raffaele-di-gennaro,70580,Goalkeeper
Heinz Lindner,heinz-lindner,59082,Goalkeeper
Ibrahim Sehic,ibrahim-sehic,46252,Goalkeeper
Muhammed Sengezer,muhammed-sengezer,330871,Goalkeeper
Mickey van der Hart,mickey-van-der-hart,207048,Goalkeeper
Joel Pereira,joel-pereira,192611,Goalkeeper
Marko Malenica,marko-malenica,179894,Goalkeeper
Moez Ben Cherifia,moez-ben-cherifia,143581,Goalkeeper
Kristijan Kahlina,kristijan-kahlina,133831,Goalkeeper
Bill Hamid,bill-hamid,77714,Goalkeeper
Ales Hruska,ales-hruska,63897,Goalkeeper
Aymen Dahmen,aymen-dahmen,569433,Goalkeeper
Cleiton,cleiton,468247,Goalkeeper
Álvaro Fernández,alvaro-fernandez,453704,Goalkeeper
Pedro Ortíz,pedro-ortiz,430042,Goalkeeper
Josep Martinez,josep-martinez,388516,Goalkeeper
Felipe López,felipe-lopez,386546,Goalkeeper
Caíque,caique,384159,Goalkeeper
Gaëtan Poussin,gaetan-poussin,344591,Goalkeeper
Marko Ilic,marko-ilic,343953,Goalkeeper
Miguel Silva,miguel-silva,336756,Goalkeeper
André Moreira,andre-moreira,326363,Goalkeeper
Dominik Greif,dominik-greif,316884,Goalkeeper
Catalin Cabuz,catalin-cabuz,315442,Goalkeeper
Bobby Allain,bobby-allain,314862,Goalkeeper
Koke Vegas,koke-vegas,299715,Goalkeeper
Xavier Mous,xavier-mous,288426,Goalkeeper
Guglielmo Vicario,guglielmo-vicario,286047,Goalkeeper
Rémy Descamps,remy-descamps,282028,Goalkeeper
Saturnin Allagbé,saturnin-allagbe,274958,Goalkeeper
Emil Balayev,emil-balayev,236366,Goalkeeper
Vaná Alves,vana-alves,212198,Goalkeeper
Vitali Gudiev,vitali-gudiev,190188,Goalkeeper
Zauri Makharadze,zauri-makharadze,166575,Goalkeeper
Alberto Paleari,alberto-paleari,163048,Goalkeeper
William Dutoit,william-dutoit,156384,Goalkeeper
Colin Coosemans,colin-coosemans,154351,Goalkeeper
